Workbook

Sheet InputOutput
A1: 1 | B1: 232
A2: 2 | B2: 1
A3: 3
A4: 4
A5: 5
A6: 6
A7: 7
A8: 8
A9: 9 | Q9: =DEC2HEX(MOD(SUMPRODUCT(B9:N9, TRANSPOSE({17;19;23;29;31;37;41;43;47;53;59;61;67})), 256), 2) -> 00
A10: 10
A11: 11
A12: 12
A13: 13
A14: 14
A15: 15
A16: 16
A17: 17
A18: 18 | B18: Alkutiedot | AG18: Tulokset | AY18: Lisätiedot
A19: 19 | BI19: ULS | BP19: SLS
A20: 20 | B20: Koko | C20: B | D20: HTVÄLI1 | E20: HTVÄLI2 | F20: HTKOKO | G20: HTPIT | H20: tyhjä | I20: tyhjä | J20: FCK | K20: ALPHACC | L20: TYHJÄ | M20: MYYS | N20: MYYC | O20: MYYP | P20: tyhjä | Q20: ID | BI20: Karki | BJ20: Joulukuusi | BK20: Joulukuusi.deg | BL20: Pohjalevy | BM20: Pohjalevy.deg | BN20: Betoni | BP20: Karki | BQ20: Joulukuusi | BR20: Joulukuusi.deg | BS20: Pohjalevy | BT20: Pohjalevy.deg | BU20: Betoni
A21: 21 | B21: 235 | C21: 232 | D21: 104 | E21: 0 | F21: 20 | G21: 660 | H21: 0 | I21: 0 | J21: 50 | K21: 1 | L21: 0 | M21: 1 | N21: 1 | O21: 1 | Q21: öö | BI21: =IF($AW21>=AG21,1,0) -> 1 | BJ21: =IF($AW21>=AH21,1,0) -> 1 | BK21: =IF($AW21>=AI21,1,0) -> 1 | BL21: =IF($AW21>=AJ21,1,0) -> 1 | BM21: =IF($AW21>=AK21,1,0) -> 1 | BN21: =IF($AW21>=AM21,1,0) -> 1 | BP21: =IF($AX21>=AO21,1,0) -> 1 | BQ21: =IF($AX21>=AP21,1,0) -> 1 | BR21: =IF($AX21>=AQ21,1,0) -> 1 | BS21: =IF($AX21>=AR21,1,0) -> 1 | BT21: =IF($AX21>=AS21,1,0) -> 1 | BU21: =IF($AX21>=AU21,1,0) -> 1
A22: 22 | B22: 235 | C22: 232 | D22: 104 | E22: 0 | F22: 20 | G22: 660 | H22: 0 | I22: 0 | J22: 50 | K22: 1 | L22: 0 | M22: 0.8 | N22: 0.8 | O22: 1 | Q22: öö | BI22: =IF($AW22>=AG22,1,0) -> 1 | BJ22: =IF($AW22>=AH22,1,0) -> 1 | BK22: =IF($AW22>=AI22,1,0) -> 1 | BL22: =IF($AW22>=AJ22,1,0) -> 1 | BM22: =IF($AW22>=AK22,1,0) -> 1 | BN22: =IF($AW22>=AM22,1,0) -> 1 | BP22: =IF($AX22>=AO22,1,0) -> 1 | BQ22: =IF($AX22>=AP22,1,0) -> 1 | BR22: =IF($AX22>=AQ22,1,0) -> 1 | BS22: =IF($AX22>=AR22,1,0) -> 1 | BT22: =IF($AX22>=AS22,1,0) -> 1 | BU22: =IF($AX22>=AU22,1,0) -> 1
A23: =A22+1 -> 23 | B23: 235 | C23: 232 | D23: 104 | E23: 0 | F23: 20 | G23: 660 | H23: 0 | I23: 0 | J23: 50 | K23: 1 | L23: 0 | M23: 0.9 | N23: 0.9 | O23: 1 | Q23: öö | BI23: =IF($AW23>=AG23,1,0) -> 1 | BJ23: =IF($AW23>=AH23,1,0) -> 1 | BK23: =IF($AW23>=AI23,1,0) -> 1 | BL23: =IF($AW23>=AJ23,1,0) -> 1 | BM23: =IF($AW23>=AK23,1,0) -> 1 | BN23: =IF($AW23>=AM23,1,0) -> 1 | BP23: =IF($AX23>=AO23,1,0) -> 1 | BQ23: =IF($AX23>=AP23,1,0) -> 1 | BR23: =IF($AX23>=AQ23,1,0) -> 1 | BS23: =IF($AX23>=AR23,1,0) -> 1 | BT23: =IF($AX23>=AS23,1,0) -> 1 | BU23: =IF($AX23>=AU23,1,0) -> 1
A24: =A23+1 -> 24 | B24: 270 | C24: 267 | D24: 104 | E24: 0 | F24: 20 | G24: 835 | H24: 0 | I24: 0 | J24: 50 | K24: 1 | L24: 0 | M24: 1 | N24: 1 | O24: 1 | Q24: öö | BI24: =IF($AW24>=AG24,1,0) -> 1 | BJ24: =IF($AW24>=AH24,1,0) -> 1 | BK24: =IF($AW24>=AI24,1,0) -> 1 | BL24: =IF($AW24>=AJ24,1,0) -> 1 | BM24: =IF($AW24>=AK24,1,0) -> 1 | BN24: =IF($AW24>=AM24,1,0) -> 1 | BP24: =IF($AX24>=AO24,1,0) -> 1 | BQ24: =IF($AX24>=AP24,1,0) -> 1 | BR24: =IF($AX24>=AQ24,1,0) -> 1 | BS24: =IF($AX24>=AR24,1,0) -> 1 | BT24: =IF($AX24>=AS24,1,0) -> 1 | BU24: =IF($AX24>=AU24,1,0) -> 1
A25: =A24+1 -> 25 | B25: 270 | C25: 267 | D25: 104 | E25: 0 | F25: 20 | G25: 835 | H25: 0 | I25: 0 | J25: 50 | K25: 1 | L25: 0 | M25: 0.8 | N25: 0.8 | O25: 1 | Q25: öö | BI25: =IF($AW25>=AG25,1,0) -> 1 | BJ25: =IF($AW25>=AH25,1,0) -> 1 | BK25: =IF($AW25>=AI25,1,0) -> 1 | BL25: =IF($AW25>=AJ25,1,0) -> 1 | BM25: =IF($AW25>=AK25,1,0) -> 1 | BN25: =IF($AW25>=AM25,1,0) -> 1 | BP25: =IF($AX25>=AO25,1,0) -> 1 | BQ25: =IF($AX25>=AP25,1,0) -> 1 | BR25: =IF($AX25>=AQ25,1,0) -> 1 | BS25: =IF($AX25>=AR25,1,0) -> 1 | BT25: =IF($AX25>=AS25,1,0) -> 1 | BU25: =IF($AX25>=AU25,1,0) -> 1
A26: =A25+1 -> 26 | B26: 270 | C26: 267 | D26: 104 | E26: 0 | F26: 20 | G26: 835 | H26: 0 | I26: 0 | J26: 50 | K26: 1 | L26: 0 | M26: 0.9 | N26: 0.9 | O26: 1 | Q26: öö | BI26: =IF($AW26>=AG26,1,0) -> 1 | BJ26: =IF($AW26>=AH26,1,0) -> 1 | BK26: =IF($AW26>=AI26,1,0) -> 1 | BL26: =IF($AW26>=AJ26,1,0) -> 1 | BM26: =IF($AW26>=AK26,1,0) -> 1 | BN26: =IF($AW26>=AM26,1,0) -> 1 | BP26: =IF($AX26>=AO26,1,0) -> 1 | BQ26: =IF($AX26>=AP26,1,0) -> 1 | BR26: =IF($AX26>=AQ26,1,0) -> 1 | BS26: =IF($AX26>=AR26,1,0) -> 1 | BT26: =IF($AX26>=AS26,1,0) -> 1 | BU26: =IF($AX26>=AU26,1,0) -> 1
A27: =A26+1 -> 27 | B27: 270 | C27: 267 | D27: 139 | E27: 0 | F27: 20 | G27: 835 | H27: 0 | I27: 0 | J27: 50 | K27: 1 | L27: 0 | M27: 1 | N27: 1 | O27: 1 | Q27: öö | BI27: =IF($AW27>=AG27,1,0) -> 1 | BJ27: =IF($AW27>=AH27,1,0) -> 1 | BK27: =IF($AW27>=AI27,1,0) -> 1 | BL27: =IF($AW27>=AJ27,1,0) -> 1 | BM27: =IF($AW27>=AK27,1,0) -> 1 | BN27: =IF($AW27>=AM27,1,0) -> 1 | BP27: =IF($AX27>=AO27,1,0) -> 1 | BQ27: =IF($AX27>=AP27,1,0) -> 1 | BR27: =IF($AX27>=AQ27,1,0) -> 1 | BS27: =IF($AX27>=AR27,1,0) -> 1 | BT27: =IF($AX27>=AS27,1,0) -> 1 | BU27: =IF($AX27>=AU27,1,0) -> 1
A28: =A27+1 -> 28 | B28: 270 | C28: 267 | D28: 139 | E28: 0 | F28: 20 | G28: 835 | H28: 0 | I28: 0 | J28: 50 | K28: 1 | L28: 0 | M28: 0.8 | N28: 0.8 | O28: 1 | Q28: öö | BI28: =IF($AW28>=AG28,1,0) -> 1 | BJ28: =IF($AW28>=AH28,1,0) -> 1 | BK28: =IF($AW28>=AI28,1,0) -> 1 | BL28: =IF($AW28>=AJ28,1,0) -> 1 | BM28: =IF($AW28>=AK28,1,0) -> 1 | BN28: =IF($AW28>=AM28,1,0) -> 1 | BP28: =IF($AX28>=AO28,1,0) -> 1 | BQ28: =IF($AX28>=AP28,1,0) -> 1 | BR28: =IF($AX28>=AQ28,1,0) -> 1 | BS28: =IF($AX28>=AR28,1,0) -> 1 | BT28: =IF($AX28>=AS28,1,0) -> 1 | BU28: =IF($AX28>=AU28,1,0) -> 1
A29: =A28+1 -> 29 | B29: 270 | C29: 267 | D29: 139 | E29: 0 | F29: 20 | G29: 835 | H29: 0 | I29: 0 | J29: 50 | K29: 1 | L29: 0 | M29: 0.9 | N29: 0.9 | O29: 1 | Q29: öö | BI29: =IF($AW29>=AG29,1,0) -> 1 | BJ29: =IF($AW29>=AH29,1,0) -> 1 | BK29: =IF($AW29>=AI29,1,0) -> 1 | BL29: =IF($AW29>=AJ29,1,0) -> 1 | BM29: =IF($AW29>=AK29,1,0) -> 1 | BN29: =IF($AW29>=AM29,1,0) -> 1 | BP29: =IF($AX29>=AO29,1,0) -> 1 | BQ29: =IF($AX29>=AP29,1,0) -> 1 | BR29: =IF($AX29>=AQ29,1,0) -> 1 | BS29: =IF($AX29>=AR29,1,0) -> 1 | BT29: =IF($AX29>=AS29,1,0) -> 1 | BU29: =IF($AX29>=AU29,1,0) -> 1
A30: =A29+1 -> 30 | B30: 235 | C30: 232 | D30: 104 | E30: 0 | F30: 20 | G30: 660 | H30: 0 | I30: 0 | J30: 60 | K30: 1 | L30: 0 | M30: 1 | N30: 1 | O30: 1 | Q30: öö | BI30: =IF($AW30>=AG30,1,0) -> 1 | BJ30: =IF($AW30>=AH30,1,0) -> 1 | BK30: =IF($AW30>=AI30,1,0) -> 1 | BL30: =IF($AW30>=AJ30,1,0) -> 1 | BM30: =IF($AW30>=AK30,1,0) -> 1 | BN30: =IF($AW30>=AM30,1,0) -> 1 | BP30: =IF($AX30>=AO30,1,0) -> 1 | BQ30: =IF($AX30>=AP30,1,0) -> 1 | BR30: =IF($AX30>=AQ30,1,0) -> 1 | BS30: =IF($AX30>=AR30,1,0) -> 1 | BT30: =IF($AX30>=AS30,1,0) -> 1 | BU30: =IF($AX30>=AU30,1,0) -> 1
A31: =A30+1 -> 31 | B31: 235 | C31: 232 | D31: 104 | E31: 0 | F31: 20 | G31: 660 | H31: 0 | I31: 0 | J31: 60 | K31: 1 | L31: 0 | M31: 0.8 | N31: 0.8 | O31: 1 | Q31: öö | BI31: =IF($AW31>=AG31,1,0) -> 1 | BJ31: =IF($AW31>=AH31,1,0) -> 1 | BK31: =IF($AW31>=AI31,1,0) -> 1 | BL31: =IF($AW31>=AJ31,1,0) -> 1 | BM31: =IF($AW31>=AK31,1,0) -> 1 | BN31: =IF($AW31>=AM31,1,0) -> 1 | BP31: =IF($AX31>=AO31,1,0) -> 1 | BQ31: =IF($AX31>=AP31,1,0) -> 1 | BR31: =IF($AX31>=AQ31,1,0) -> 1 | BS31: =IF($AX31>=AR31,1,0) -> 1 | BT31: =IF($AX31>=AS31,1,0) -> 1 | BU31: =IF($AX31>=AU31,1,0) -> 1
A32: =A31+1 -> 32 | B32: 235 | C32: 232 | D32: 104 | E32: 0 | F32: 20 | G32: 660 | H32: 0 | I32: 0 | J32: 60 | K32: 1 | L32: 0 | M32: 0.9 | N32: 0.9 | O32: 1 | Q32: öö | BI32: =IF($AW32>=AG32,1,0) -> 1 | BJ32: =IF($AW32>=AH32,1,0) -> 1 | BK32: =IF($AW32>=AI32,1,0) -> 1 | BL32: =IF($AW32>=AJ32,1,0) -> 1 | BM32: =IF($AW32>=AK32,1,0) -> 1 | BN32: =IF($AW32>=AM32,1,0) -> 1 | BP32: =IF($AX32>=AO32,1,0) -> 1 | BQ32: =IF($AX32>=AP32,1,0) -> 1 | BR32: =IF($AX32>=AQ32,1,0) -> 1 | BS32: =IF($AX32>=AR32,1,0) -> 1 | BT32: =IF($AX32>=AS32,1,0) -> 1 | BU32: =IF($AX32>=AU32,1,0) -> 1
A33: =A32+1 -> 33 | B33: 270 | C33: 267 | D33: 104 | E33: 0 | F33: 20 | G33: 835 | H33: 0 | I33: 0 | J33: 60 | K33: 1 | L33: 0 | M33: 1 | N33: 1 | O33: 1 | Q33: öö | BI33: =IF($AW33>=AG33,1,0) -> 1 | BJ33: =IF($AW33>=AH33,1,0) -> 1 | BK33: =IF($AW33>=AI33,1,0) -> 1 | BL33: =IF($AW33>=AJ33,1,0) -> 1 | BM33: =IF($AW33>=AK33,1,0) -> 1 | BN33: =IF($AW33>=AM33,1,0) -> 1 | BP33: =IF($AX33>=AO33,1,0) -> 1 | BQ33: =IF($AX33>=AP33,1,0) -> 1 | BR33: =IF($AX33>=AQ33,1,0) -> 1 | BS33: =IF($AX33>=AR33,1,0) -> 1 | BT33: =IF($AX33>=AS33,1,0) -> 1 | BU33: =IF($AX33>=AU33,1,0) -> 1
A34: =A33+1 -> 34 | B34: 270 | C34: 267 | D34: 104 | E34: 0 | F34: 20 | G34: 835 | H34: 0 | I34: 0 | J34: 60 | K34: 1 | L34: 0 | M34: 0.8 | N34: 0.8 | O34: 1 | Q34: öö | BI34: =IF($AW34>=AG34,1,0) -> 1 | BJ34: =IF($AW34>=AH34,1,0) -> 1 | BK34: =IF($AW34>=AI34,1,0) -> 1 | BL34: =IF($AW34>=AJ34,1,0) -> 1 | BM34: =IF($AW34>=AK34,1,0) -> 1 | BN34: =IF($AW34>=AM34,1,0) -> 1 | BP34: =IF($AX34>=AO34,1,0) -> 1 | BQ34: =IF($AX34>=AP34,1,0) -> 1 | BR34: =IF($AX34>=AQ34,1,0) -> 1 | BS34: =IF($AX34>=AR34,1,0) -> 1 | BT34: =IF($AX34>=AS34,1,0) -> 1 | BU34: =IF($AX34>=AU34,1,0) -> 1
... A38: =A37+1 -> 38 | B38: 270 | C38: 267 | D38: 139 | E38: 0 | F38: 20 | G38: 835 | H38: 0 | I38: 0 | J38: 60 | K38: 1 | L38: 0 | M38: 0.9 | N38: 0.9 | O38: 1 | Q38: öö | BI38: =IF($AW38>=AG38,1,0) -> 1 | BJ38: =IF($AW38>=AH38,1,0) -> 1 | BK38: =IF($AW38>=AI38,1,0) -> 1 | BL38: =IF($AW38>=AJ38,1,0) -> 1 | BM38: =IF($AW38>=AK38,1,0) -> 1 | BN38: =IF($AW38>=AM38,1,0) -> 1 | BP38: =IF($AX38>=AO38,1,0) -> 1 | BQ38: =IF($AX38>=AP38,1,0) -> 1 | BR38: =IF($AX38>=AQ38,1,0) -> 1 | BS38: =IF($AX38>=AR38,1,0) -> 1 | BT38: =IF($AX38>=AS38,1,0) -> 1 | BU38: =IF($AX38>=AU38,1,0) -> 1
A39: =A38+1 -> 39 | BI39: =IF($AW39>=AG39,1,0) -> 1 | BJ39: =IF($AW39>=AH39,1,0) -> 1 | BK39: =IF($AW39>=AI39,1,0) -> 1 | BL39: =IF($AW39>=AJ39,1,0) -> 1 | BM39: =IF($AW39>=AK39,1,0) -> 1 | BN39: =IF($AW39>=AM39,1,0) -> 1 | BP39: =IF($AX39>=AO39,1,0) -> 1 | BQ39: =IF($AX39>=AP39,1,0) -> 1 | BR39: =IF($AX39>=AQ39,1,0) -> 1 | BS39: =IF($AX39>=AR39,1,0) -> 1 | BT39: =IF($AX39>=AS39,1,0) -> 1 | BU39: =IF($AX39>=AU39,1,0) -> 1
A40: =A39+1 -> 40 | BI40: =IF($AW40>=AG40,1,0) -> 1 | BJ40: =IF($AW40>=AH40,1,0) -> 1 | BK40: =IF($AW40>=AI40,1,0) -> 1 | BL40: =IF($AW40>=AJ40,1,0) -> 1 | BM40: =IF($AW40>=AK40,1,0) -> 1 | BN40: =IF($AW40>=AM40,1,0) -> 1 | BP40: =IF($AX40>=AO40,1,0) -> 1 | BQ40: =IF($AX40>=AP40,1,0) -> 1 | BR40: =IF($AX40>=AQ40,1,0) -> 1 | BS40: =IF($AX40>=AR40,1,0) -> 1 | BT40: =IF($AX40>=AS40,1,0) -> 1 | BU40: =IF($AX40>=AU40,1,0) -> 1
A41: =A40+1 -> 41 | BI41: =IF($AW41>=AG41,1,0) -> 1 | BJ41: =IF($AW41>=AH41,1,0) -> 1 | BK41: =IF($AW41>=AI41,1,0) -> 1 | BL41: =IF($AW41>=AJ41,1,0) -> 1 | BM41: =IF($AW41>=AK41,1,0) -> 1 | BN41: =IF($AW41>=AM41,1,0) -> 1 | BP41: =IF($AX41>=AO41,1,0) -> 1 | BQ41: =IF($AX41>=AP41,1,0) -> 1 | BR41: =IF($AX41>=AQ41,1,0) -> 1 | BS41: =IF($AX41>=AR41,1,0) -> 1 | BT41: =IF($AX41>=AS41,1,0) -> 1 | BU41: =IF($AX41>=AU41,1,0) -> 1
A42: =A41+1 -> 42 | BI42: =IF($AW42>=AG42,1,0) -> 1 | BJ42: =IF($AW42>=AH42,1,0) -> 1 | BK42: =IF($AW42>=AI42,1,0) -> 1 | BL42: =IF($AW42>=AJ42,1,0) -> 1 | BM42: =IF($AW42>=AK42,1,0) -> 1 | BN42: =IF($AW42>=AM42,1,0) -> 1 | BP42: =IF($AX42>=AO42,1,0) -> 1 | BQ42: =IF($AX42>=AP42,1,0) -> 1 | BR42: =IF($AX42>=AQ42,1,0) -> 1 | BS42: =IF($AX42>=AR42,1,0) -> 1 | BT42: =IF($AX42>=AS42,1,0) -> 1 | BU42: =IF($AX42>=AU42,1,0) -> 1
A43: =A42+1 -> 43 | BI43: =IF($AW43>=AG43,1,0) -> 1 | BJ43: =IF($AW43>=AH43,1,0) -> 1 | BK43: =IF($AW43>=AI43,1,0) -> 1 | BL43: =IF($AW43>=AJ43,1,0) -> 1 | BM43: =IF($AW43>=AK43,1,0) -> 1 | BN43: =IF($AW43>=AM43,1,0) -> 1 | BP43: =IF($AX43>=AO43,1,0) -> 1 | BQ43: =IF($AX43>=AP43,1,0) -> 1 | BR43: =IF($AX43>=AQ43,1,0) -> 1 | BS43: =IF($AX43>=AR43,1,0) -> 1 | BT43: =IF($AX43>=AS43,1,0) -> 1 | BU43: =IF($AX43>=AU43,1,0) -> 1
A44: =A43+1 -> 44 | BI44: =IF($AW44>=AG44,1,0) -> 1 | BJ44: =IF($AW44>=AH44,1,0) -> 1 | BK44: =IF($AW44>=AI44,1,0) -> 1 | BL44: =IF($AW44>=AJ44,1,0) -> 1 | BM44: =IF($AW44>=AK44,1,0) -> 1 | BN44: =IF($AW44>=AM44,1,0) -> 1 | BP44: =IF($AX44>=AO44,1,0) -> 1 | BQ44: =IF($AX44>=AP44,1,0) -> 1 | BR44: =IF($AX44>=AQ44,1,0) -> 1 | BS44: =IF($AX44>=AR44,1,0) -> 1 | BT44: =IF($AX44>=AS44,1,0) -> 1 | BU44: =IF($AX44>=AU44,1,0) -> 1
A45: =A44+1 -> 45 | BI45: =IF($AW45>=AG45,1,0) -> 1 | BJ45: =IF($AW45>=AH45,1,0) -> 1 | BK45: =IF($AW45>=AI45,1,0) -> 1 | BL45: =IF($AW45>=AJ45,1,0) -> 1 | BM45: =IF($AW45>=AK45,1,0) -> 1 | BN45: =IF($AW45>=AM45,1,0) -> 1 | BP45: =IF($AX45>=AO45,1,0) -> 1 | BQ45: =IF($AX45>=AP45,1,0) -> 1 | BR45: =IF($AX45>=AQ45,1,0) -> 1 | BS45: =IF($AX45>=AR45,1,0) -> 1 | BT45: =IF($AX45>=AS45,1,0) -> 1 | BU45: =IF($AX45>=AU45,1,0) -> 1
A46: =A45+1 -> 46 | BI46: =IF($AW46>=AG46,1,0) -> 1 | BJ46: =IF($AW46>=AH46,1,0) -> 1 | BK46: =IF($AW46>=AI46,1,0) -> 1 | BL46: =IF($AW46>=AJ46,1,0) -> 1 | BM46: =IF($AW46>=AK46,1,0) -> 1 | BN46: =IF($AW46>=AM46,1,0) -> 1 | BP46: =IF($AX46>=AO46,1,0) -> 1 | BQ46: =IF($AX46>=AP46,1,0) -> 1 | BR46: =IF($AX46>=AQ46,1,0) -> 1 | BS46: =IF($AX46>=AR46,1,0) -> 1 | BT46: =IF($AX46>=AS46,1,0) -> 1 | BU46: =IF($AX46>=AU46,1,0) -> 1
A47: =A46+1 -> 47 | BI47: =IF($AW47>=AG47,1,0) -> 1 | BJ47: =IF($AW47>=AH47,1,0) -> 1 | BK47: =IF($AW47>=AI47,1,0) -> 1 | BL47: =IF($AW47>=AJ47,1,0) -> 1 | BM47: =IF($AW47>=AK47,1,0) -> 1 | BN47: =IF($AW47>=AM47,1,0) -> 1 | BP47: =IF($AX47>=AO47,1,0) -> 1 | BQ47: =IF($AX47>=AP47,1,0) -> 1 | BR47: =IF($AX47>=AQ47,1,0) -> 1 | BS47: =IF($AX47>=AR47,1,0) -> 1 | BT47: =IF($AX47>=AS47,1,0) -> 1 | BU47: =IF($AX47>=AU47,1,0) -> 1
A48: 48 | B48: 0 | C48: 1 | D48: 1 | E48: 1 | F48: 4 | G48: 0 | H48: 60 | I48: 1441 | J48: 0 | K48: 85 | L48: 40 | M48: 315 | N48: 0 | O48: 50 | P48: 110 | Q48: 20 | R48: 5 | S48: 0 | T48: 20 | U48: 20 | V48: 110 | W48: 0 | X48: 190 | Y48: 20 | Z48: 0 | AA48: 270 | AB48: 50 | AC48: 1 | AD48: 1 | AE48: 1 | AG48: 1564.2654 | AH48: 2111.8015 | AI48: 2020.029 | AJ48: 2732.5964 | AK48: 2603.2091 | AL48: OK | AM48: 2097.4794 | AN48: 3.7318732 | AO48: 1086.4893 | AP48: 1266.2432 | AQ48: 1432.3598 | AR48: 1586.3191 | AS48: 1796.0097 | AT48: OK | AU48: 1342.4509 | AV48: 0 | AW48: 1564.2654 | AX48: 1086.4893 | AY48: 500 | AZ48: SW00101 | BA48: kk | BB48: Bergsko KK 270-110 4D20 SW00101 | BC48: 70 | BD48: =AA48-5 -> 265 | BE48: =_xlfn.XLOOKUP(AB48,'Valinta vaihtoehdot'!O$5:O$15,'Valinta vaihtoehdot'!Q$5:Q$15) -> 60 | BF48: =B48/0.02 -> 0 | BG48: =IF(C48=D48,1,0) -> 1
A49: 49 | B49: 0 | C49: 1 | D49: 0.9 | E49: 1 | F49: 4 | G49: 0 | H49: 60 | I49: 1441 | J49: 0 | K49: 85 | L49: 40 | M49: 315 | N49: 0 | O49: 50 | P49: 110 | Q49: 20 | R49: 5 | S49: 0 | T49: 20 | U49: 20 | V49: 110 | W49: 0 | X49: 190 | Y49: 20 | Z49: 0 | AA49: 270 | AB49: 50 | AC49: 1 | AD49: 1 | AE49: 1 | AG49: 1564.2654 | AH49: 2111.8015 | AI49: 2020.029 | AJ49: 2732.5964 | AK49: 2603.2091 | AL49: OK | AM49: 1942.3678 | AN49: 3.7318732 | AO49: 1086.4893 | AP49: 1266.2432 | AQ49: 1432.3598 | AR49: 1586.3191 | AS49: 1796.0097 | AT49: OK | AU49: 1245.9049 | AV49: 0 | AW49: 1564.2654 | AX49: 1086.4893 | AY49: 500 | AZ49: SW00101 | BA49: kk | BB49: Bergsko KK 270-110 4D20 SW00101 | BC49: 70 | BD49: =AA49-5 -> 265 | BE49: =_xlfn.XLOOKUP(AB49,'Valinta vaihtoehdot'!O$5:O$15,'Valinta vaihtoehdot'!Q$5:Q$15) -> 60 | BF49: =B49/0.02 -> 0 | BG49: =IF(C49=D49,1,0) -> 0
A50: 50 | B50: 0 | C50: 1 | D50: 0.8 | E50: 1 | F50: 4 | G50: 0 | H50: 60 | I50: 1441 | J50: 0 | K50: 85 | L50: 40 | M50: 315 | N50: 0 | O50: 50 | P50: 110 | Q50: 20 | R50: 5 | S50: 0 | T50: 20 | U50: 20 | V50: 110 | W50: 0 | X50: 190 | Y50: 20 | Z50: 0 | AA50: 270 | AB50: 50 | AC50: 1 | AD50: 1 | AE50: 1 | AG50: 1564.2654 | AH50: 2111.8015 | AI50: 2020.029 | AJ50: 2732.5964 | AK50: 2603.2091 | AL50: OK | AM50: 1787.2563 | AN50: 3.7318732 | AO50: 1086.4893 | AP50: 1266.2432 | AQ50: 1432.3598 | AR50: 1586.3191 | AS50: 1796.0097 | AT50: OK | AU50: 1149.3589 | AV50: 0 | AW50: 1564.2654 | AX50: 1086.4893 | AY50: 500 | AZ50: SW00101 | BA50: kk | BB50: Bergsko KK 270-110 4D20 SW00101 | BC50: 70 | BD50: =AA50-5 -> 265 | BE50: =_xlfn.XLOOKUP(AB50,'Valinta vaihtoehdot'!O$5:O$15,'Valinta vaihtoehdot'!Q$5:Q$15) -> 60 | BF50: =B50/0.02 -> 0 | BG50: =IF(C50=D50,1,0) -> 0
A51: 51 | B51: 0 | C51: 0.9 | D51: 1 | E51: 1 | F51: 4 | G51: 0 | H51: 60 | I51: 1441 | J51: 0 | K51: 85 | L51: 40 | M51: 315 | N51: 0 | O51: 50 | P51: 110 | Q51: 20 | R51: 5 | S51: 0 | T51: 20 | U51: 20 | V51: 110 | W51: 0 | X51: 190 | Y51: 20 | Z51: 0 | AA51: 270 | AB51: 50 | AC51: 1 | AD51: 1 | AE51: 1 | AG51: 1451.9653 | AH51: 1904.9022 | AI51: 1822.8719 | AJ51: 2497.7342 | AK51: 2350.6941 | AL51: OK | AM51: 2042.843 | AN51: 4.1465258 | AO51: 977.84007 | AP51: 1139.6188 | AQ51: 1289.123 | AR51: 1427.6872 | AS51: 1616.4087 | AT51: OK | AU51: 1304.7517 | AV51: 0 | AW51: 1451.9653 | AX51: 977.84007 | AY51: 500 | AZ51: SW00101 | BA51: kk | BB51: Bergsko KK 270-110 4D20 SW00101 | BC51: 70 | BD51: =AA51-5 -> 265 | BE51: =_xlfn.XLOOKUP(AB51,'Valinta vaihtoehdot'!O$5:O$15,'Valinta vaihtoehdot'!Q$5:Q$15) -> 60 | BF51: =B51/0.02 -> 0 | BG51: =IF(C51=D51,1,0) -> 0
A52: 52 | B52: 0 | C52: 0.9 | D52: 0.9 | E52: 1 | F52: 4 | G52: 0 | H52: 60 | I52: 1441 | J52: 0 | K52: 85 | L52: 40 | M52: 315 | N52: 0 | O52: 50 | P52: 110 | Q52: 20 | R52: 5 | S52: 0 | T52: 20 | U52: 20 | V52: 110 | W52: 0 | X52: 190 | Y52: 20 | Z52: 0 | AA52: 270 | AB52: 50 | AC52: 1 | AD52: 1 | AE52: 1 | AG52: 1451.9653 | AH52: 1904.9022 | AI52: 1822.8719 | AJ52: 2497.7342 | AK52: 2350.6941 | AL52: OK | AM52: 1887.7314 | AN52: 4.1465258 | AO52: 977.84007 | AP52: 1139.6188 | AQ52: 1289.123 | AR52: 1427.6872 | AS52: 1616.4087 | AT52: OK | AU52: 1208.2058 | AV52: 0 | AW52: 1451.9653 | AX52: 977.84007 | AY52: 500 | AZ52: SW00101 | BA52: kk | BB52: Bergsko KK 270-110 4D20 SW00101 | BC52: 70 | BD52: =AA52-5 -> 265 | BE52: =_xlfn.XLOOKUP(AB52,'Valinta vaihtoehdot'!O$5:O$15,'Valinta vaihtoehdot'!Q$5:Q$15) -> 60 | BF52: =B52/0.02 -> 0 | BG52: =IF(C52=D52,1,0) -> 1
A53: 53 | B53: 0 | C53: 0.9 | D53: 0.8 | E53: 1 | F53: 4 | G53: 0 | H53: 60 | I53: 1441 | J53: 0 | K53: 85 | L53: 40 | M53: 315 | N53: 0 | O53: 50 | P53: 110 | Q53: 20 | R53: 5 | S53: 0 | T53: 20 | U53: 20 | V53: 110 | W53: 0 | X53: 190 | Y53: 20 | Z53: 0 | AA53: 270 | AB53: 50 | AC53: 1 | AD53: 1 | AE53: 1 | AG53: 1451.9653 | AH53: 1904.9022 | AI53: 1822.8719 | AJ53: 2497.7342 | AK53: 2350.6941 | AL53: OK | AM53: 1732.6199 | AN53: 4.1465258 | AO53: 977.84007 | AP53: 1139.6188 | AQ53: 1289.123 | AR53: 1427.6872 | AS53: 1616.4087 | AT53: OK | AU53: 1111.6598 | AV53: 0 | AW53: 1451.9653 | AX53: 977.84007 | AY53: 500 | AZ53: SW00101 | BA53: kk | BB53: Bergsko KK 270-110 4D20 SW00101 | BC53: 70 | BD53: =AA53-5 -> 265 | BE53: =_xlfn.XLOOKUP(AB53,'Valinta vaihtoehdot'!O$5:O$15,'Valinta vaihtoehdot'!Q$5:Q$15) -> 60 | BF53: =B53/0.02 -> 0 | BG53: =IF(C53=D53,1,0) -> 0
A54: 54 | B54: 0 | C54: 0.8 | D54: 1 | E54: 1 | F54: 4 | G54: 0 | H54: 60 | I54: 1441 | J54: 0 | K54: 85 | L54: 40 | M54: 315 | N54: 0 | O54: 50 | P54: 110 | Q54: 20 | R54: 5 | S54: 0 | T54: 20 | U54: 20 | V54: 110 | W54: 0 | X54: 190 | Y54: 20 | Z54: 0 | AA54: 270 | AB54: 50 | AC54: 1 | AD54: 1 | AE54: 1 | AG54: 1328.527 | AH54: 1696.5875 | AI54: 1624.7777 | AJ54: 2253.5635 | AK54: 2096.0991 | AL54: OK | AM54: 1988.2066 | AN54: 4.6648415 | AO54: 869.19144 | AP54: 1012.9944 | AQ54: 1145.8879 | AR54: 1268.9537 | AS54: 1436.8078 | AT54: OK | AU54: 1267.0526 | AV54: 0 | AW54: 1328.527 | AX54: 869.19144 | AY54: 500 | AZ54: SW00101 | BA54: kk | BB54: Bergsko KK 270-110 4D20 SW00101 | BC54: 70 | BD54: =AA54-5 -> 265 | BE54: =_xlfn.XLOOKUP(AB54,'Valinta vaihtoehdot'!O$5:O$15,'Valinta vaihtoehdot'!Q$5:Q$15) -> 60 | BF54: =B54/0.02 -> 0 | BG54: =IF(C54=D54,1,0) -> 0
A55: 55 | B55: 0 | C55: 0.8 | D55: 0.9 | E55: 1 | F55: 4 | G55: 0 | H55: 60 | I55: 1441 | J55: 0 | K55: 85 | L55: 40 | M55: 315 | N55: 0 | O55: 50 | P55: 110 | Q55: 20 | R55: 5 | S55: 0 | T55: 20 | U55: 20 | V55: 110 | W55: 0 | X55: 190 | Y55: 20 | Z55: 0 | AA55: 270 | AB55: 50 | AC55: 1 | AD55: 1 | AE55: 1 | AG55: 1328.527 | AH55: 1696.5875 | AI55: 1624.7777 | AJ55: 2253.5635 | AK55: 2096.0991 | AL55: OK | AM55: 1833.095 | AN55: 4.6648415 | AO55: 869.19144 | AP55: 1012.9944 | AQ55: 1145.8879 | AR55: 1268.9537 | AS55: 1436.8078 | AT55: OK | AU55: 1170.5067 | AV55: 0 | AW55: 1328.527 | AX55: 869.19144 | AY55: 500 | AZ55: SW00101 | BA55: kk | BB55: Bergsko KK 270-110 4D20 SW00101 | BC55: 70 | BD55: =AA55-5 -> 265 | BE55: =_xlfn.XLOOKUP(AB55,'Valinta vaihtoehdot'!O$5:O$15,'Valinta vaihtoehdot'!Q$5:Q$15) -> 60 | BF55: =B55/0.02 -> 0 | BG55: =IF(C55=D55,1,0) -> 0
A56: 56 | B56: 0 | C56: 0.8 | D56: 0.8 | E56: 1 | F56: 4 | G56: 0 | H56: 60 | I56: 1441 | J56: 0 | K56: 85 | L56: 40 | M56: 315 | N56: 0 | O56: 50 | P56: 110 | Q56: 20 | R56: 5 | S56: 0 | T56: 20 | U56: 20 | V56: 110 | W56: 0 | X56: 190 | Y56: 20 | Z56: 0 | AA56: 270 | AB56: 50 | AC56: 1 | AD56: 1 | AE56: 1 | AG56: 1328.527 | AH56: 1696.5875 | AI56: 1624.7777 | AJ56: 2253.5635 | AK56: 2096.0991 | AL56: OK | AM56: 1677.9835 | AN56: 4.6648415 | AO56: 869.19144 | AP56: 1012.9944 | AQ56: 1145.8879 | AR56: 1268.9537 | AS56: 1436.8078 | AT56: OK | AU56: 1073.9607 | AV56: 0 | AW56: 1328.527 | AX56: 869.19144 | AY56: 500 | AZ56: SW00101 | BA56: kk | BB56: Bergsko KK 270-110 4D20 SW00101 | BC56: 70 | BD56: =AA56-5 -> 265 | BE56: =_xlfn.XLOOKUP(AB56,'Valinta vaihtoehdot'!O$5:O$15,'Valinta vaihtoehdot'!Q$5:Q$15) -> 60 | BF56: =B56/0.02 -> 0 | BG56: =IF(C56=D56,1,0) -> 1
A57: 57 | B57: 2 | C57: 1 | D57: 1 | E57: 1 | F57: 4 | G57: 0 | H57: 60 | I57: 1441 | J57: 0 | K57: 85 | L57: 40 | M57: 315 | N57: 0 | O57: 50 | P57: 110 | Q57: 20 | R57: 5 | S57: 0 | T57: 20 | U57: 20 | V57: 110 | W57: 0 | X57: 190 | Y57: 20 | Z57: 0 | AA57: 270 | AB57: 50 | AC57: 1 | AD57: 1 | AE57: 1 | AG57: 1307.4935 | AH57: 1796.9975 | AI57: 1728.6777 | AJ57: 2732.5964 | AK57: 2603.2091 | AL57: OK | AM57: 2097.4794 | AN57: 5.4482639 | AO57: 903.43194 | AP57: 1044.8032 | AQ57: 1199.2577 | AR57: 1586.3191 | AS57: 1796.0097 | AT57: OK | AU57: 1342.4509 | AV57: 0 | AW57: 1307.4935 | AX57: 903.43194 | AY57: 500 | AZ57: SW00101 | BA57: kk | BB57: Bergsko KK 270-110 4D20 SW00101 | BC57: 70 | BD57: =AA57-5 -> 265 | BE57: =_xlfn.XLOOKUP(AB57,'Valinta vaihtoehdot'!O$5:O$15,'Valinta vaihtoehdot'!Q$5:Q$15) -> 60 | BF57: =B57/0.02 -> 100 | BG57: =IF(C57=D57,1,0) -> 1
A58: 58 | B58: 2 | C58: 1 | D58: 0.9 | E58: 1 | F58: 4 | G58: 0 | H58: 60 | I58: 1441 | J58: 0 | K58: 85 | L58: 40 | M58: 315 | N58: 0 | O58: 50 | P58: 110 | Q58: 20 | R58: 5 | S58: 0 | T58: 20 | U58: 20 | V58: 110 | W58: 0 | X58: 190 | Y58: 20 | Z58: 0 | AA58: 270 | AB58: 50 | AC58: 1 | AD58: 1 | AE58: 1 | AG58: 1307.4935 | AH58: 1796.9975 | AI58: 1728.6777 | AJ58: 2732.5964 | AK58: 2603.2091 | AL58: OK | AM58: 1942.3678 | AN58: 5.4482639 | AO58: 903.43194 | AP58: 1044.8032 | AQ58: 1199.2577 | AR58: 1586.3191 | AS58: 1796.0097 | AT58: OK | AU58: 1245.9049 | AV58: 0 | AW58: 1307.4935 | AX58: 903.43194 | AY58: 500 | AZ58: SW00101 | BA58: kk | BB58: Bergsko KK 270-110 4D20 SW00101 | BC58: 70 | BD58: =AA58-5 -> 265 | BE58: =_xlfn.XLOOKUP(AB58,'Valinta vaihtoehdot'!O$5:O$15,'Valinta vaihtoehdot'!Q$5:Q$15) -> 60 | BF58: =B58/0.02 -> 100 | BG58: =IF(C58=D58,1,0) -> 0
A59: 59 | B59: 2 | C59: 1 | D59: 0.8 | E59: 1 | F59: 4 | G59: 0 | H59: 60 | I59: 1441 | J59: 0 | K59: 85 | L59: 40 | M59: 315 | N59: 0 | O59: 50 | P59: 110 | Q59: 20 | R59: 5 | S59: 0 | T59: 20 | U59: 20 | V59: 110 | W59: 0 | X59: 190 | Y59: 20 | Z59: 0 | AA59: 270 | AB59: 50 | AC59: 1 | AD59: 1 | AE59: 1 | AG59: 1307.4935 | AH59: 1796.9975 | AI59: 1728.6777 | AJ59: 2732.5964 | AK59: 2603.2091 | AL59: OK | AM59: 1787.2563 | AN59: 5.4482639 | AO59: 903.43194 | AP59: 1044.8032 | AQ59: 1199.2577 | AR59: 1586.3191 | AS59: 1796.0097 | AT59: OK | AU59: 1149.3589 | AV59: 0 | AW59: 1307.4935 | AX59: 903.43194 | AY59: 500 | AZ59: SW00101 | BA59: kk | BB59: Bergsko KK 270-110 4D20 SW00101 | BC59: 70 | BD59: =AA59-5 -> 265 | BE59: =_xlfn.XLOOKUP(AB59,'Valinta vaihtoehdot'!O$5:O$15,'Valinta vaihtoehdot'!Q$5:Q$15) -> 60 | BF59: =B59/0.02 -> 100 | BG59: =IF(C59=D59,1,0) -> 0
... A74: 74 | B74: 2.4 | C74: 0.8 | D74: 0.8 | E74: 1 | F74: 4 | G74: 0 | H74: 60 | I74: 1441 | J74: 0 | K74: 85 | L74: 40 | M74: 315 | N74: 0 | O74: 50 | P74: 110 | Q74: 20 | R74: 5 | S74: 0 | T74: 20 | U74: 20 | V74: 110 | W74: 0 | X74: 190 | Y74: 20 | Z74: 0 | AA74: 270 | AB74: 50 | AC74: 1 | AD74: 1 | AE74: 1 | AG74: 1072.578 | AH74: 1394.1499 | AI74: 1344.8572 | AJ74: 2253.5635 | AK74: 2096.0991 | AL74: OK | AM74: 1677.9835 | AN74: 6.5770937 | AO74: 695.37185 | AP74: 801.42362 | AQ74: 922.98488 | AR74: 1268.9537 | AS74: 1436.8078 | AT74: OK | AU74: 1073.9607 | AV74: 0 | AW74: 1072.578 | AX74: 695.37185 | AY74: 500 | AZ74: SW00101 | BA74: kk | BB74: Bergsko KK 270-110 4D20 SW00101 | BC74: 70 | BD74: =AA74-5 -> 265 | BE74: =_xlfn.XLOOKUP(AB74,'Valinta vaihtoehdot'!O$5:O$15,'Valinta vaihtoehdot'!Q$5:Q$15) -> 60 | BF74: =B74/0.02 -> 120 | BG74: =IF(C74=D74,1,0) -> 1
A75: =A74+1 -> 75 | BI75: =IF($AW75>=AG75,1,0) -> 1 | BJ75: =IF($AW75>=AH75,1,0) -> 1 | BK75: =IF($AW75>=AI75,1,0) -> 1 | BL75: =IF($AW75>=AJ75,1,0) -> 1 | BM75: =IF($AW75>=AK75,1,0) -> 1 | BN75: =IF($AW75>=AM75,1,0) -> 1 | BP75: =IF($AX75>=AO75,1,0) -> 1 | BQ75: =IF($AX75>=AP75,1,0) -> 1 | BR75: =IF($AX75>=AQ75,1,0) -> 1 | BS75: =IF($AX75>=AR75,1,0) -> 1 | BT75: =IF($AX75>=AS75,1,0) -> 1 | BU75: =IF($AX75>=AU75,1,0) -> 1
A76: =A75+1 -> 76 | BI76: =IF($AW76>=AG76,1,0) -> 1 | BJ76: =IF($AW76>=AH76,1,0) -> 1 | BK76: =IF($AW76>=AI76,1,0) -> 1 | BL76: =IF($AW76>=AJ76,1,0) -> 1 | BM76: =IF($AW76>=AK76,1,0) -> 1 | BN76: =IF($AW76>=AM76,1,0) -> 1 | BP76: =IF($AX76>=AO76,1,0) -> 1 | BQ76: =IF($AX76>=AP76,1,0) -> 1 | BR76: =IF($AX76>=AQ76,1,0) -> 1 | BS76: =IF($AX76>=AR76,1,0) -> 1 | BT76: =IF($AX76>=AS76,1,0) -> 1 | BU76: =IF($AX76>=AU76,1,0) -> 1
A77: =A76+1 -> 77 | BI77: =IF($AW77>=AG77,1,0) -> 1 | BJ77: =IF($AW77>=AH77,1,0) -> 1 | BK77: =IF($AW77>=AI77,1,0) -> 1 | BL77: =IF($AW77>=AJ77,1,0) -> 1 | BM77: =IF($AW77>=AK77,1,0) -> 1 | BN77: =IF($AW77>=AM77,1,0) -> 1 | BP77: =IF($AX77>=AO77,1,0) -> 1 | BQ77: =IF($AX77>=AP77,1,0) -> 1 | BR77: =IF($AX77>=AQ77,1,0) -> 1 | BS77: =IF($AX77>=AR77,1,0) -> 1 | BT77: =IF($AX77>=AS77,1,0) -> 1 | BU77: =IF($AX77>=AU77,1,0) -> 1
A78: =A77+1 -> 78 | BI78: =IF($AW78>=AG78,1,0) -> 1 | BJ78: =IF($AW78>=AH78,1,0) -> 1 | BK78: =IF($AW78>=AI78,1,0) -> 1 | BL78: =IF($AW78>=AJ78,1,0) -> 1 | BM78: =IF($AW78>=AK78,1,0) -> 1 | BN78: =IF($AW78>=AM78,1,0) -> 1 | BP78: =IF($AX78>=AO78,1,0) -> 1 | BQ78: =IF($AX78>=AP78,1,0) -> 1 | BR78: =IF($AX78>=AQ78,1,0) -> 1 | BS78: =IF($AX78>=AR78,1,0) -> 1 | BT78: =IF($AX78>=AS78,1,0) -> 1 | BU78: =IF($AX78>=AU78,1,0) -> 1
A79: =A78+1 -> 79 | BI79: =IF($AW79>=AG79,1,0) -> 1 | BJ79: =IF($AW79>=AH79,1,0) -> 1 | BK79: =IF($AW79>=AI79,1,0) -> 1 | BL79: =IF($AW79>=AJ79,1,0) -> 1 | BM79: =IF($AW79>=AK79,1,0) -> 1 | BN79: =IF($AW79>=AM79,1,0) -> 1 | BP79: =IF($AX79>=AO79,1,0) -> 1 | BQ79: =IF($AX79>=AP79,1,0) -> 1 | BR79: =IF($AX79>=AQ79,1,0) -> 1 | BS79: =IF($AX79>=AR79,1,0) -> 1 | BT79: =IF($AX79>=AS79,1,0) -> 1 | BU79: =IF($AX79>=AU79,1,0) -> 1
A80: =A79+1 -> 80 | BI80: =IF($AW80>=AG80,1,0) -> 1 | BJ80: =IF($AW80>=AH80,1,0) -> 1 | BK80: =IF($AW80>=AI80,1,0) -> 1 | BL80: =IF($AW80>=AJ80,1,0) -> 1 | BM80: =IF($AW80>=AK80,1,0) -> 1 | BN80: =IF($AW80>=AM80,1,0) -> 1 | BP80: =IF($AX80>=AO80,1,0) -> 1 | BQ80: =IF($AX80>=AP80,1,0) -> 1 | BR80: =IF($AX80>=AQ80,1,0) -> 1 | BS80: =IF($AX80>=AR80,1,0) -> 1 | BT80: =IF($AX80>=AS80,1,0) -> 1 | BU80: =IF($AX80>=AU80,1,0) -> 1
A81: =A80+1 -> 81 | BI81: =IF($AW81>=AG81,1,0) -> 1 | BJ81: =IF($AW81>=AH81,1,0) -> 1 | BK81: =IF($AW81>=AI81,1,0) -> 1 | BL81: =IF($AW81>=AJ81,1,0) -> 1 | BM81: =IF($AW81>=AK81,1,0) -> 1 | BN81: =IF($AW81>=AM81,1,0) -> 1 | BP81: =IF($AX81>=AO81,1,0) -> 1 | BQ81: =IF($AX81>=AP81,1,0) -> 1 | BR81: =IF($AX81>=AQ81,1,0) -> 1 | BS81: =IF($AX81>=AR81,1,0) -> 1 | BT81: =IF($AX81>=AS81,1,0) -> 1 | BU81: =IF($AX81>=AU81,1,0) -> 1
A82: =A81+1 -> 82 | BI82: =IF($AW82>=AG82,1,0) -> 1 | BJ82: =IF($AW82>=AH82,1,0) -> 1 | BK82: =IF($AW82>=AI82,1,0) -> 1 | BL82: =IF($AW82>=AJ82,1,0) -> 1 | BM82: =IF($AW82>=AK82,1,0) -> 1 | BN82: =IF($AW82>=AM82,1,0) -> 1 | BP82: =IF($AX82>=AO82,1,0) -> 1 | BQ82: =IF($AX82>=AP82,1,0) -> 1 | BR82: =IF($AX82>=AQ82,1,0) -> 1 | BS82: =IF($AX82>=AR82,1,0) -> 1 | BT82: =IF($AX82>=AS82,1,0) -> 1 | BU82: =IF($AX82>=AU82,1,0) -> 1
A83: =A82+1 -> 83 | BI83: =IF($AW83>=AG83,1,0) -> 1 | BJ83: =IF($AW83>=AH83,1,0) -> 1 | BK83: =IF($AW83>=AI83,1,0) -> 1 | BL83: =IF($AW83>=AJ83,1,0) -> 1 | BM83: =IF($AW83>=AK83,1,0) -> 1 | BN83: =IF($AW83>=AM83,1,0) -> 1 | BP83: =IF($AX83>=AO83,1,0) -> 1 | BQ83: =IF($AX83>=AP83,1,0) -> 1 | BR83: =IF($AX83>=AQ83,1,0) -> 1 | BS83: =IF($AX83>=AR83,1,0) -> 1 | BT83: =IF($AX83>=AS83,1,0) -> 1 | BU83: =IF($AX83>=AU83,1,0) -> 1
A84: =A83+1 -> 84 | BI84: =IF($AW84>=AG84,1,0) -> 1 | BJ84: =IF($AW84>=AH84,1,0) -> 1 | BK84: =IF($AW84>=AI84,1,0) -> 1 | BL84: =IF($AW84>=AJ84,1,0) -> 1 | BM84: =IF($AW84>=AK84,1,0) -> 1 | BN84: =IF($AW84>=AM84,1,0) -> 1 | BP84: =IF($AX84>=AO84,1,0) -> 1 | BQ84: =IF($AX84>=AP84,1,0) -> 1 | BR84: =IF($AX84>=AQ84,1,0) -> 1 | BS84: =IF($AX84>=AR84,1,0) -> 1 | BT84: =IF($AX84>=AS84,1,0) -> 1 | BU84: =IF($AX84>=AU84,1,0) -> 1
BI85: =IF($AW85>=AG85,1,0) -> 1 | BJ85: =IF($AW85>=AH85,1,0) -> 1 | BK85: =IF($AW85>=AI85,1,0) -> 1 | BL85: =IF($AW85>=AJ85,1,0) -> 1 | BM85: =IF($AW85>=AK85,1,0) -> 1 | BN85: =IF($AW85>=AM85,1,0) -> 1 | BP85: =IF($AX85>=AO85,1,0) -> 1 | BQ85: =IF($AX85>=AP85,1,0) -> 1 | BR85: =IF($AX85>=AQ85,1,0) -> 1 | BS85: =IF($AX85>=AR85,1,0) -> 1 | BT85: =IF($AX85>=AS85,1,0) -> 1 | BU85: =IF($AX85>=AU85,1,0) -> 1
BI86: =IF($AW86>=AG86,1,0) -> 1 | BJ86: =IF($AW86>=AH86,1,0) -> 1 | BK86: =IF($AW86>=AI86,1,0) -> 1 | BL86: =IF($AW86>=AJ86,1,0) -> 1 | BM86: =IF($AW86>=AK86,1,0) -> 1 | BN86: =IF($AW86>=AM86,1,0) -> 1 | BP86: =IF($AX86>=AO86,1,0) -> 1 | BQ86: =IF($AX86>=AP86,1,0) -> 1 | BR86: =IF($AX86>=AQ86,1,0) -> 1 | BS86: =IF($AX86>=AR86,1,0) -> 1 | BT86: =IF($AX86>=AS86,1,0) -> 1 | BU86: =IF($AX86>=AU86,1,0) -> 1
BI87: =IF($AW87>=AG87,1,0) -> 1 | BJ87: =IF($AW87>=AH87,1,0) -> 1 | BK87: =IF($AW87>=AI87,1,0) -> 1 | BL87: =IF($AW87>=AJ87,1,0) -> 1 | BM87: =IF($AW87>=AK87,1,0) -> 1 | BN87: =IF($AW87>=AM87,1,0) -> 1 | BP87: =IF($AX87>=AO87,1,0) -> 1 | BQ87: =IF($AX87>=AP87,1,0) -> 1 | BR87: =IF($AX87>=AQ87,1,0) -> 1 | BS87: =IF($AX87>=AR87,1,0) -> 1 | BT87: =IF($AX87>=AS87,1,0) -> 1 | BU87: =IF($AX87>=AU87,1,0) -> 1
BI88: =IF($AW88>=AG88,1,0) -> 1 | BJ88: =IF($AW88>=AH88,1,0) -> 1 | BK88: =IF($AW88>=AI88,1,0) -> 1 | BL88: =IF($AW88>=AJ88,1,0) -> 1 | BM88: =IF($AW88>=AK88,1,0) -> 1 | BN88: =IF($AW88>=AM88,1,0) -> 1 | BP88: =IF($AX88>=AO88,1,0) -> 1 | BQ88: =IF($AX88>=AP88,1,0) -> 1 | BR88: =IF($AX88>=AQ88,1,0) -> 1 | BS88: =IF($AX88>=AR88,1,0) -> 1 | BT88: =IF($AX88>=AS88,1,0) -> 1 | BU88: =IF($AX88>=AU88,1,0) -> 1
BI89: =IF($AW89>=AG89,1,0) -> 1 | BJ89: =IF($AW89>=AH89,1,0) -> 1 | BK89: =IF($AW89>=AI89,1,0) -> 1 | BL89: =IF($AW89>=AJ89,1,0) -> 1 | BM89: =IF($AW89>=AK89,1,0) -> 1 | BN89: =IF($AW89>=AM89,1,0) -> 1 | BP89: =IF($AX89>=AO89,1,0) -> 1 | BQ89: =IF($AX89>=AP89,1,0) -> 1 | BR89: =IF($AX89>=AQ89,1,0) -> 1 | BS89: =IF($AX89>=AR89,1,0) -> 1 | BT89: =IF($AX89>=AS89,1,0) -> 1 | BU89: =IF($AX89>=AU89,1,0) -> 1
BI90: =IF($AW90>=AG90,1,0) -> 1 | BJ90: =IF($AW90>=AH90,1,0) -> 1 | BK90: =IF($AW90>=AI90,1,0) -> 1 | BL90: =IF($AW90>=AJ90,1,0) -> 1 | BM90: =IF($AW90>=AK90,1,0) -> 1 | BN90: =IF($AW90>=AM90,1,0) -> 1 | BP90: =IF($AX90>=AO90,1,0) -> 1 | BQ90: =IF($AX90>=AP90,1,0) -> 1 | BR90: =IF($AX90>=AQ90,1,0) -> 1 | BS90: =IF($AX90>=AR90,1,0) -> 1 | BT90: =IF($AX90>=AS90,1,0) -> 1 | BU90: =IF($AX90>=AU90,1,0) -> 1
BI91: =IF($AW91>=AG91,1,0) -> 1 | BJ91: =IF($AW91>=AH91,1,0) -> 1 | BK91: =IF($AW91>=AI91,1,0) -> 1 | BL91: =IF($AW91>=AJ91,1,0) -> 1 | BM91: =IF($AW91>=AK91,1,0) -> 1 | BN91: =IF($AW91>=AM91,1,0) -> 1 | BP91: =IF($AX91>=AO91,1,0) -> 1 | BQ91: =IF($AX91>=AP91,1,0) -> 1 | BR91: =IF($AX91>=AQ91,1,0) -> 1 | BS91: =IF($AX91>=AR91,1,0) -> 1 | BT91: =IF($AX91>=AS91,1,0) -> 1 | BU91: =IF($AX91>=AU91,1,0) -> 1
BI92: =IF($AW92>=AG92,1,0) -> 1 | BJ92: =IF($AW92>=AH92,1,0) -> 1 | BK92: =IF($AW92>=AI92,1,0) -> 1 | BL92: =IF($AW92>=AJ92,1,0) -> 1 | BM92: =IF($AW92>=AK92,1,0) -> 1 | BN92: =IF($AW92>=AM92,1,0) -> 1 | BP92: =IF($AX92>=AO92,1,0) -> 1 | BQ92: =IF($AX92>=AP92,1,0) -> 1 | BR92: =IF($AX92>=AQ92,1,0) -> 1 | BS92: =IF($AX92>=AR92,1,0) -> 1 | BT92: =IF($AX92>=AS92,1,0) -> 1 | BU92: =IF($AX92>=AU92,1,0) -> 1
BI93: =IF($AW93>=AG93,1,0) -> 1 | BJ93: =IF($AW93>=AH93,1,0) -> 1 | BK93: =IF($AW93>=AI93,1,0) -> 1 | BL93: =IF($AW93>=AJ93,1,0) -> 1 | BM93: =IF($AW93>=AK93,1,0) -> 1 | BN93: =IF($AW93>=AM93,1,0) -> 1 | BP93: =IF($AX93>=AO93,1,0) -> 1 | BQ93: =IF($AX93>=AP93,1,0) -> 1 | BR93: =IF($AX93>=AQ93,1,0) -> 1 | BS93: =IF($AX93>=AR93,1,0) -> 1 | BT93: =IF($AX93>=AS93,1,0) -> 1 | BU93: =IF($AX93>=AU93,1,0) -> 1
BI94: =IF($AW94>=AG94,1,0) -> 1 | BJ94: =IF($AW94>=AH94,1,0) -> 1 | BK94: =IF($AW94>=AI94,1,0) -> 1 | BL94: =IF($AW94>=AJ94,1,0) -> 1 | BM94: =IF($AW94>=AK94,1,0) -> 1 | BN94: =IF($AW94>=AM94,1,0) -> 1 | BP94: =IF($AX94>=AO94,1,0) -> 1 | BQ94: =IF($AX94>=AP94,1,0) -> 1 | BR94: =IF($AX94>=AQ94,1,0) -> 1 | BS94: =IF($AX94>=AR94,1,0) -> 1 | BT94: =IF($AX94>=AS94,1,0) -> 1 | BU94: =IF($AX94>=AU94,1,0) -> 1
BI95: =IF($AW95>=AG95,1,0) -> 1 | BJ95: =IF($AW95>=AH95,1,0) -> 1 | BK95: =IF($AW95>=AI95,1,0) -> 1 | BL95: =IF($AW95>=AJ95,1,0) -> 1 | BM95: =IF($AW95>=AK95,1,0) -> 1 | BN95: =IF($AW95>=AM95,1,0) -> 1 | BP95: =IF($AX95>=AO95,1,0) -> 1 | BQ95: =IF($AX95>=AP95,1,0) -> 1 | BR95: =IF($AX95>=AQ95,1,0) -> 1 | BS95: =IF($AX95>=AR95,1,0) -> 1 | BT95: =IF($AX95>=AS95,1,0) -> 1 | BU95: =IF($AX95>=AU95,1,0) -> 1
BI96: =IF($AW96>=AG96,1,0) -> 1 | BJ96: =IF($AW96>=AH96,1,0) -> 1 | BK96: =IF($AW96>=AI96,1,0) -> 1 | BL96: =IF($AW96>=AJ96,1,0) -> 1 | BM96: =IF($AW96>=AK96,1,0) -> 1 | BN96: =IF($AW96>=AM96,1,0) -> 1 | BP96: =IF($AX96>=AO96,1,0) -> 1 | BQ96: =IF($AX96>=AP96,1,0) -> 1 | BR96: =IF($AX96>=AQ96,1,0) -> 1 | BS96: =IF($AX96>=AR96,1,0) -> 1 | BT96: =IF($AX96>=AS96,1,0) -> 1 | BU96: =IF($AX96>=AU96,1,0) -> 1
... BI101: =IF($AW101>=AG101,1,0) -> 1 | BJ101: =IF($AW101>=AH101,1,0) -> 1 | BK101: =IF($AW101>=AI101,1,0) -> 1 | BL101: =IF($AW101>=AJ101,1,0) -> 1 | BM101: =IF($AW101>=AK101,1,0) -> 1 | BN101: =IF($AW101>=AM101,1,0) -> 1 | BP101: =IF($AX101>=AO101,1,0) -> 1 | BQ101: =IF($AX101>=AP101,1,0) -> 1 | BR101: =IF($AX101>=AQ101,1,0) -> 1 | BS101: =IF($AX101>=AR101,1,0) -> 1 | BT101: =IF($AX101>=AS101,1,0) -> 1 | BU101: =IF($AX101>=AU101,1,0) -> 1
A102: 102 | B102: 0 | C102: 1 | D102: 1 | E102: 1 | F102: 4 | G102: 0 | H102: 60 | I102: 1441 | J102: 0 | K102: 85 | L102: 40 | M102: 315 | N102: 0 | O102: 50 | P102: 110 | Q102: 20 | R102: 5 | S102: 0 | T102: 16 | U102: 16 | V102: 100 | W102: 0 | X102: 160 | Y102: 20 | Z102: 0 | AA102: 235 | AB102: 50 | AC102: 1 | AD102: 1 | AE102: 2 | AG102: 1564.2654 | AH102: 2111.8015 | AI102: 2020.029 | AJ102: 2732.5964 | AK102: 2603.2091 | AL102: OK | AM102: 1467.1027 | AN102: 3.7318732 | AO102: 1086.4893 | AP102: 1266.2432 | AQ102: 1432.3598 | AR102: 1586.3191 | AS102: 1796.0097 | AT102: OK | AU102: 910.82594 | AV102: 0 | AW102: 1467.1027 | AX102: 910.82594 | AY102: 500 | AZ102: SW00331 | BA102: kk | BB102: Bergsko KK 235-100 4D16 SW00331 | BC102: 70 | BD102: =AA102-5 -> 230 | BE102: =_xlfn.XLOOKUP(AB102,'Valinta vaihtoehdot'!O$5:O$15,'Valinta vaihtoehdot'!Q$5:Q$15) -> 60 | BF102: =B102/0.02 -> 0 | BG102: =IF(C102=D102,1,0) -> 1
A103: 103 | B103: 0 | C103: 1 | D103: 0.9 | E103: 1 | F103: 4 | G103: 0 | H103: 60 | I103: 1441 | J103: 0 | K103: 85 | L103: 40 | M103: 315 | N103: 0 | O103: 50 | P103: 110 | Q103: 20 | R103: 5 | S103: 0 | T103: 16 | U103: 16 | V103: 100 | W103: 0 | X103: 160 | Y103: 20 | Z103: 0 | AA103: 235 | AB103: 50 | AC103: 1 | AD103: 1 | AE103: 2 | AG103: 1564.2654 | AH103: 2111.8015 | AI103: 2020.029 | AJ103: 2732.5964 | AK103: 2603.2091 | AL103: OK | AM103: 1355.3597 | AN103: 3.7318732 | AO103: 1086.4893 | AP103: 1266.2432 | AQ103: 1432.3598 | AR103: 1586.3191 | AS103: 1796.0097 | AT103: OK | AU103: 843.87078 | AV103: 0 | AW103: 1355.3597 | AX103: 843.87078 | AY103: 500 | AZ103: SW00331 | BA103: kk | BB103: Bergsko KK 235-100 4D16 SW00331 | BC103: 70 | BD103: =AA103-5 -> 230 | BE103: =_xlfn.XLOOKUP(AB103,'Valinta vaihtoehdot'!O$5:O$15,'Valinta vaihtoehdot'!Q$5:Q$15) -> 60 | BF103: =B103/0.02 -> 0 | BG103: =IF(C103=D103,1,0) -> 0
A104: 104 | B104: 0 | C104: 1 | D104: 0.8 | E104: 1 | F104: 4 | G104: 0 | H104: 60 | I104: 1441 | J104: 0 | K104: 85 | L104: 40 | M104: 315 | N104: 0 | O104: 50 | P104: 110 | Q104: 20 | R104: 5 | S104: 0 | T104: 16 | U104: 16 | V104: 100 | W104: 0 | X104: 160 | Y104: 20 | Z104: 0 | AA104: 235 | AB104: 50 | AC104: 1 | AD104: 1 | AE104: 2 | AG104: 1564.2654 | AH104: 2111.8015 | AI104: 2020.029 | AJ104: 2732.5964 | AK104: 2603.2091 | AL104: OK | AM104: 1243.6167 | AN104: 3.7318732 | AO104: 1086.4893 | AP104: 1266.2432 | AQ104: 1432.3598 | AR104: 1586.3191 | AS104: 1796.0097 | AT104: OK | AU104: 776.91561 | AV104: 0 | AW104: 1243.6167 | AX104: 776.91561 | AY104: 500 | AZ104: SW00331 | BA104: kk | BB104: Bergsko KK 235-100 4D16 SW00331 | BC104: 70 | BD104: =AA104-5 -> 230 | BE104: =_xlfn.XLOOKUP(AB104,'Valinta vaihtoehdot'!O$5:O$15,'Valinta vaihtoehdot'!Q$5:Q$15) -> 60 | BF104: =B104/0.02 -> 0 | BG104: =IF(C104=D104,1,0) -> 0
A105: 105 | B105: 0 | C105: 0.9 | D105: 1 | E105: 1 | F105: 4 | G105: 0 | H105: 60 | I105: 1441 | J105: 0 | K105: 85 | L105: 40 | M105: 315 | N105: 0 | O105: 50 | P105: 110 | Q105: 20 | R105: 5 | S105: 0 | T105: 16 | U105: 16 | V105: 100 | W105: 0 | X105: 160 | Y105: 20 | Z105: 0 | AA105: 235 | AB105: 50 | AC105: 1 | AD105: 1 | AE105: 2 | AG105: 1451.9653 | AH105: 1904.9022 | AI105: 1822.8719 | AJ105: 2497.7342 | AK105: 2350.6941 | AL105: OK | AM105: 1432.1354 | AN105: 4.1465258 | AO105: 977.84007 | AP105: 1139.6188 | AQ105: 1289.123 | AR105: 1427.6872 | AS105: 1616.4087 | AT105: OK | AU105: 886.69851 | AV105: 0 | AW105: 1432.1354 | AX105: 886.69851 | AY105: 500 | AZ105: SW00331 | BA105: kk | BB105: Bergsko KK 235-100 4D16 SW00331 | BC105: 70 | BD105: =AA105-5 -> 230 | BE105: =_xlfn.XLOOKUP(AB105,'Valinta vaihtoehdot'!O$5:O$15,'Valinta vaihtoehdot'!Q$5:Q$15) -> 60 | BF105: =B105/0.02 -> 0 | BG105: =IF(C105=D105,1,0) -> 0
A106: 106 | B106: 0 | C106: 0.9 | D106: 0.9 | E106: 1 | F106: 4 | G106: 0 | H106: 60 | I106: 1441 | J106: 0 | K106: 85 | L106: 40 | M106: 315 | N106: 0 | O106: 50 | P106: 110 | Q106: 20 | R106: 5 | S106: 0 | T106: 16 | U106: 16 | V106: 100 | W106: 0 | X106: 160 | Y106: 20 | Z106: 0 | AA106: 235 | AB106: 50 | AC106: 1 | AD106: 1 | AE106: 2 | AG106: 1451.9653 | AH106: 1904.9022 | AI106: 1822.8719 | AJ106: 2497.7342 | AK106: 2350.6941 | AL106: OK | AM106: 1320.3924 | AN106: 4.1465258 | AO106: 977.84007 | AP106: 1139.6188 | AQ106: 1289.123 | AR106: 1427.6872 | AS106: 1616.4087 | AT106: OK | AU106: 819.74335 | AV106: 0 | AW106: 1320.3924 | AX106: 819.74335 | AY106: 500 | AZ106: SW00331 | BA106: kk | BB106: Bergsko KK 235-100 4D16 SW00331 | BC106: 70 | BD106: =AA106-5 -> 230 | BE106: =_xlfn.XLOOKUP(AB106,'Valinta vaihtoehdot'!O$5:O$15,'Valinta vaihtoehdot'!Q$5:Q$15) -> 60 | BF106: =B106/0.02 -> 0 | BG106: =IF(C106=D106,1,0) -> 1
A107: 107 | B107: 0 | C107: 0.9 | D107: 0.8 | E107: 1 | F107: 4 | G107: 0 | H107: 60 | I107: 1441 | J107: 0 | K107: 85 | L107: 40 | M107: 315 | N107: 0 | O107: 50 | P107: 110 | Q107: 20 | R107: 5 | S107: 0 | T107: 16 | U107: 16 | V107: 100 | W107: 0 | X107: 160 | Y107: 20 | Z107: 0 | AA107: 235 | AB107: 50 | AC107: 1 | AD107: 1 | AE107: 2 | AG107: 1451.9653 | AH107: 1904.9022 | AI107: 1822.8719 | AJ107: 2497.7342 | AK107: 2350.6941 | AL107: OK | AM107: 1208.6494 | AN107: 4.1465258 | AO107: 977.84007 | AP107: 1139.6188 | AQ107: 1289.123 | AR107: 1427.6872 | AS107: 1616.4087 | AT107: OK | AU107: 752.78818 | AV107: 0 | AW107: 1208.6494 | AX107: 752.78818 | AY107: 500 | AZ107: SW00331 | BA107: kk | BB107: Bergsko KK 235-100 4D16 SW00331 | BC107: 70 | BD107: =AA107-5 -> 230 | BE107: =_xlfn.XLOOKUP(AB107,'Valinta vaihtoehdot'!O$5:O$15,'Valinta vaihtoehdot'!Q$5:Q$15) -> 60 | BF107: =B107/0.02 -> 0 | BG107: =IF(C107=D107,1,0) -> 0
A108: 108 | B108: 0 | C108: 0.8 | D108: 1 | E108: 1 | F108: 4 | G108: 0 | H108: 60 | I108: 1441 | J108: 0 | K108: 85 | L108: 40 | M108: 315 | N108: 0 | O108: 50 | P108: 110 | Q108: 20 | R108: 5 | S108: 0 | T108: 16 | U108: 16 | V108: 100 | W108: 0 | X108: 160 | Y108: 20 | Z108: 0 | AA108: 235 | AB108: 50 | AC108: 1 | AD108: 1 | AE108: 2 | AG108: 1328.527 | AH108: 1696.5875 | AI108: 1624.7777 | AJ108: 2253.5635 | AK108: 2096.0991 | AL108: OK | AM108: 1397.1681 | AN108: 4.6648415 | AO108: 869.19144 | AP108: 1012.9944 | AQ108: 1145.8879 | AR108: 1268.9537 | AS108: 1436.8078 | AT108: OK | AU108: 862.57108 | AV108: 0 | AW108: 1328.527 | AX108: 862.57108 | AY108: 500 | AZ108: SW00331 | BA108: kk | BB108: Bergsko KK 235-100 4D16 SW00331 | BC108: 70 | BD108: =AA108-5 -> 230 | BE108: =_xlfn.XLOOKUP(AB108,'Valinta vaihtoehdot'!O$5:O$15,'Valinta vaihtoehdot'!Q$5:Q$15) -> 60 | BF108: =B108/0.02 -> 0 | BG108: =IF(C108=D108,1,0) -> 0
A109: 109 | B109: 0 | C109: 0.8 | D109: 0.9 | E109: 1 | F109: 4 | G109: 0 | H109: 60 | I109: 1441 | J109: 0 | K109: 85 | L109: 40 | M109: 315 | N109: 0 | O109: 50 | P109: 110 | Q109: 20 | R109: 5 | S109: 0 | T109: 16 | U109: 16 | V109: 100 | W109: 0 | X109: 160 | Y109: 20 | Z109: 0 | AA109: 235 | AB109: 50 | AC109: 1 | AD109: 1 | AE109: 2 | AG109: 1328.527 | AH109: 1696.5875 | AI109: 1624.7777 | AJ109: 2253.5635 | AK109: 2096.0991 | AL109: OK | AM109: 1285.4251 | AN109: 4.6648415 | AO109: 869.19144 | AP109: 1012.9944 | AQ109: 1145.8879 | AR109: 1268.9537 | AS109: 1436.8078 | AT109: OK | AU109: 795.61591 | AV109: 0 | AW109: 1285.4251 | AX109: 795.61591 | AY109: 500 | AZ109: SW00331 | BA109: kk | BB109: Bergsko KK 235-100 4D16 SW00331 | BC109: 70 | BD109: =AA109-5 -> 230 | BE109: =_xlfn.XLOOKUP(AB109,'Valinta vaihtoehdot'!O$5:O$15,'Valinta vaihtoehdot'!Q$5:Q$15) -> 60 | BF109: =B109/0.02 -> 0 | BG109: =IF(C109=D109,1,0) -> 0
A110: 110 | B110: 0 | C110: 0.8 | D110: 0.8 | E110: 1 | F110: 4 | G110: 0 | H110: 60 | I110: 1441 | J110: 0 | K110: 85 | L110: 40 | M110: 315 | N110: 0 | O110: 50 | P110: 110 | Q110: 20 | R110: 5 | S110: 0 | T110: 16 | U110: 16 | V110: 100 | W110: 0 | X110: 160 | Y110: 20 | Z110: 0 | AA110: 235 | AB110: 50 | AC110: 1 | AD110: 1 | AE110: 2 | AG110: 1328.527 | AH110: 1696.5875 | AI110: 1624.7777 | AJ110: 2253.5635 | AK110: 2096.0991 | AL110: OK | AM110: 1173.6821 | AN110: 4.6648415 | AO110: 869.19144 | AP110: 1012.9944 | AQ110: 1145.8879 | AR110: 1268.9537 | AS110: 1436.8078 | AT110: OK | AU110: 728.66075 | AV110: 0 | AW110: 1173.6821 | AX110: 728.66075 | AY110: 500 | AZ110: SW00331 | BA110: kk | BB110: Bergsko KK 235-100 4D16 SW00331 | BC110: 70 | BD110: =AA110-5 -> 230 | BE110: =_xlfn.XLOOKUP(AB110,'Valinta vaihtoehdot'!O$5:O$15,'Valinta vaihtoehdot'!Q$5:Q$15) -> 60 | BF110: =B110/0.02 -> 0 | BG110: =IF(C110=D110,1,0) -> 1
A111: 111 | B111: 2 | C111: 1 | D111: 1 | E111: 1 | F111: 4 | G111: 0 | H111: 60 | I111: 1441 | J111: 0 | K111: 85 | L111: 40 | M111: 315 | N111: 0 | O111: 50 | P111: 110 | Q111: 20 | R111: 5 | S111: 0 | T111: 16 | U111: 16 | V111: 100 | W111: 0 | X111: 160 | Y111: 20 | Z111: 0 | AA111: 235 | AB111: 50 | AC111: 1 | AD111: 1 | AE111: 2 | AG111: 1307.4935 | AH111: 1796.9975 | AI111: 1728.6777 | AJ111: 2732.5964 | AK111: 2603.2091 | AL111: OK | AM111: 1467.1027 | AN111: 5.4482639 | AO111: 903.43194 | AP111: 1044.8032 | AQ111: 1199.2577 | AR111: 1586.3191 | AS111: 1796.0097 | AT111: OK | AU111: 910.82594 | AV111: 0 | AW111: 1307.4935 | AX111: 903.43194 | AY111: 500 | AZ111: SW00331 | BA111: kk | BB111: Bergsko KK 235-100 4D16 SW00331 | BC111: 70 | BD111: =AA111-5 -> 230 | BE111: =_xlfn.XLOOKUP(AB111,'Valinta vaihtoehdot'!O$5:O$15,'Valinta vaihtoehdot'!Q$5:Q$15) -> 60 | BF111: =B111/0.02 -> 100 | BG111: =IF(C111=D111,1,0) -> 1
A112: 112 | B112: 2 | C112: 1 | D112: 0.9 | E112: 1 | F112: 4 | G112: 0 | H112: 60 | I112: 1441 | J112: 0 | K112: 85 | L112: 40 | M112: 315 | N112: 0 | O112: 50 | P112: 110 | Q112: 20 | R112: 5 | S112: 0 | T112: 16 | U112: 16 | V112: 100 | W112: 0 | X112: 160 | Y112: 20 | Z112: 0 | AA112: 235 | AB112: 50 | AC112: 1 | AD112: 1 | AE112: 2 | AG112: 1307.4935 | AH112: 1796.9975 | AI112: 1728.6777 | AJ112: 2732.5964 | AK112: 2603.2091 | AL112: OK | AM112: 1355.3597 | AN112: 5.4482639 | AO112: 903.43194 | AP112: 1044.8032 | AQ112: 1199.2577 | AR112: 1586.3191 | AS112: 1796.0097 | AT112: OK | AU112: 843.87078 | AV112: 0 | AW112: 1307.4935 | AX112: 843.87078 | AY112: 500 | AZ112: SW00331 | BA112: kk | BB112: Bergsko KK 235-100 4D16 SW00331 | BC112: 70 | BD112: =AA112-5 -> 230 | BE112: =_xlfn.XLOOKUP(AB112,'Valinta vaihtoehdot'!O$5:O$15,'Valinta vaihtoehdot'!Q$5:Q$15) -> 60 | BF112: =B112/0.02 -> 100 | BG112: =IF(C112=D112,1,0) -> 0
A113: 113 | B113: 2 | C113: 1 | D113: 0.8 | E113: 1 | F113: 4 | G113: 0 | H113: 60 | I113: 1441 | J113: 0 | K113: 85 | L113: 40 | M113: 315 | N113: 0 | O113: 50 | P113: 110 | Q113: 20 | R113: 5 | S113: 0 | T113: 16 | U113: 16 | V113: 100 | W113: 0 | X113: 160 | Y113: 20 | Z113: 0 | AA113: 235 | AB113: 50 | AC113: 1 | AD113: 1 | AE113: 2 | AG113: 1307.4935 | AH113: 1796.9975 | AI113: 1728.6777 | AJ113: 2732.5964 | AK113: 2603.2091 | AL113: OK | AM113: 1243.6167 | AN113: 5.4482639 | AO113: 903.43194 | AP113: 1044.8032 | AQ113: 1199.2577 | AR113: 1586.3191 | AS113: 1796.0097 | AT113: OK | AU113: 776.91561 | AV113: 0 | AW113: 1243.6167 | AX113: 776.91561 | AY113: 500 | AZ113: SW00331 | BA113: kk | BB113: Bergsko KK 235-100 4D16 SW00331 | BC113: 70 | BD113: =AA113-5 -> 230 | BE113: =_xlfn.XLOOKUP(AB113,'Valinta vaihtoehdot'!O$5:O$15,'Valinta vaihtoehdot'!Q$5:Q$15) -> 60 | BF113: =B113/0.02 -> 100 | BG113: =IF(C113=D113,1,0) -> 0
... A128: 128 | B128: 2.4 | C128: 0.8 | D128: 0.8 | E128: 1 | F128: 4 | G128: 0 | H128: 60 | I128: 1441 | J128: 0 | K128: 85 | L128: 40 | M128: 315 | N128: 0 | O128: 50 | P128: 110 | Q128: 20 | R128: 5 | S128: 0 | T128: 16 | U128: 16 | V128: 100 | W128: 0 | X128: 160 | Y128: 20 | Z128: 0 | AA128: 235 | AB128: 50 | AC128: 1 | AD128: 1 | AE128: 2 | AG128: 1072.578 | AH128: 1394.1499 | AI128: 1344.8572 | AJ128: 2253.5635 | AK128: 2096.0991 | AL128: OK | AM128: 1173.6821 | AN128: 6.5770937 | AO128: 695.37185 | AP128: 801.42362 | AQ128: 922.98488 | AR128: 1268.9537 | AS128: 1436.8078 | AT128: OK | AU128: 728.66075 | AV128: 0 | AW128: 1072.578 | AX128: 695.37185 | AY128: 500 | AZ128: SW00331 | BA128: kk | BB128: Bergsko KK 235-100 4D16 SW00331 | BC128: 70 | BD128: =AA128-5 -> 230 | BE128: =_xlfn.XLOOKUP(AB128,'Valinta vaihtoehdot'!O$5:O$15,'Valinta vaihtoehdot'!Q$5:Q$15) -> 60 | BF128: =B128/0.02 -> 120 | BG128: =IF(C128=D128,1,0) -> 1
BI129: =IF($AW129>=AG129,1,0) -> 1 | BJ129: =IF($AW129>=AH129,1,0) -> 1 | BK129: =IF($AW129>=AI129,1,0) -> 1 | BL129: =IF($AW129>=AJ129,1,0) -> 1 | BM129: =IF($AW129>=AK129,1,0) -> 1 | BN129: =IF($AW129>=AM129,1,0) -> 1 | BP129: =IF($AX129>=AO129,1,0) -> 1 | BQ129: =IF($AX129>=AP129,1,0) -> 1 | BR129: =IF($AX129>=AQ129,1,0) -> 1 | BS129: =IF($AX129>=AR129,1,0) -> 1 | BT129: =IF($AX129>=AS129,1,0) -> 1 | BU129: =IF($AX129>=AU129,1,0) -> 1
BI130: =IF($AW130>=AG130,1,0) -> 1 | BJ130: =IF($AW130>=AH130,1,0) -> 1 | BK130: =IF($AW130>=AI130,1,0) -> 1 | BL130: =IF($AW130>=AJ130,1,0) -> 1 | BM130: =IF($AW130>=AK130,1,0) -> 1 | BN130: =IF($AW130>=AM130,1,0) -> 1 | BP130: =IF($AX130>=AO130,1,0) -> 1 | BQ130: =IF($AX130>=AP130,1,0) -> 1 | BR130: =IF($AX130>=AQ130,1,0) -> 1 | BS130: =IF($AX130>=AR130,1,0) -> 1 | BT130: =IF($AX130>=AS130,1,0) -> 1 | BU130: =IF($AX130>=AU130,1,0) -> 1
BI131: =IF($AW131>=AG131,1,0) -> 1 | BJ131: =IF($AW131>=AH131,1,0) -> 1 | BK131: =IF($AW131>=AI131,1,0) -> 1 | BL131: =IF($AW131>=AJ131,1,0) -> 1 | BM131: =IF($AW131>=AK131,1,0) -> 1 | BN131: =IF($AW131>=AM131,1,0) -> 1 | BP131: =IF($AX131>=AO131,1,0) -> 1 | BQ131: =IF($AX131>=AP131,1,0) -> 1 | BR131: =IF($AX131>=AQ131,1,0) -> 1 | BS131: =IF($AX131>=AR131,1,0) -> 1 | BT131: =IF($AX131>=AS131,1,0) -> 1 | BU131: =IF($AX131>=AU131,1,0) -> 1
BI132: =IF($AW132>=AG132,1,0) -> 1 | BJ132: =IF($AW132>=AH132,1,0) -> 1 | BK132: =IF($AW132>=AI132,1,0) -> 1 | BL132: =IF($AW132>=AJ132,1,0) -> 1 | BM132: =IF($AW132>=AK132,1,0) -> 1 | BN132: =IF($AW132>=AM132,1,0) -> 1 | BP132: =IF($AX132>=AO132,1,0) -> 1 | BQ132: =IF($AX132>=AP132,1,0) -> 1 | BR132: =IF($AX132>=AQ132,1,0) -> 1 | BS132: =IF($AX132>=AR132,1,0) -> 1 | BT132: =IF($AX132>=AS132,1,0) -> 1 | BU132: =IF($AX132>=AU132,1,0) -> 1
BI133: =IF($AW133>=AG133,1,0) -> 1 | BJ133: =IF($AW133>=AH133,1,0) -> 1 | BK133: =IF($AW133>=AI133,1,0) -> 1 | BL133: =IF($AW133>=AJ133,1,0) -> 1 | BM133: =IF($AW133>=AK133,1,0) -> 1 | BN133: =IF($AW133>=AM133,1,0) -> 1 | BP133: =IF($AX133>=AO133,1,0) -> 1 | BQ133: =IF($AX133>=AP133,1,0) -> 1 | BR133: =IF($AX133>=AQ133,1,0) -> 1 | BS133: =IF($AX133>=AR133,1,0) -> 1 | BT133: =IF($AX133>=AS133,1,0) -> 1 | BU133: =IF($AX133>=AU133,1,0) -> 1
BI134: =IF($AW134>=AG134,1,0) -> 1 | BJ134: =IF($AW134>=AH134,1,0) -> 1 | BK134: =IF($AW134>=AI134,1,0) -> 1 | BL134: =IF($AW134>=AJ134,1,0) -> 1 | BM134: =IF($AW134>=AK134,1,0) -> 1 | BN134: =IF($AW134>=AM134,1,0) -> 1 | BP134: =IF($AX134>=AO134,1,0) -> 1 | BQ134: =IF($AX134>=AP134,1,0) -> 1 | BR134: =IF($AX134>=AQ134,1,0) -> 1 | BS134: =IF($AX134>=AR134,1,0) -> 1 | BT134: =IF($AX134>=AS134,1,0) -> 1 | BU134: =IF($AX134>=AU134,1,0) -> 1
BI135: =IF($AW135>=AG135,1,0) -> 1 | BJ135: =IF($AW135>=AH135,1,0) -> 1 | BK135: =IF($AW135>=AI135,1,0) -> 1 | BL135: =IF($AW135>=AJ135,1,0) -> 1 | BM135: =IF($AW135>=AK135,1,0) -> 1 | BN135: =IF($AW135>=AM135,1,0) -> 1 | BP135: =IF($AX135>=AO135,1,0) -> 1 | BQ135: =IF($AX135>=AP135,1,0) -> 1 | BR135: =IF($AX135>=AQ135,1,0) -> 1 | BS135: =IF($AX135>=AR135,1,0) -> 1 | BT135: =IF($AX135>=AS135,1,0) -> 1 | BU135: =IF($AX135>=AU135,1,0) -> 1
...

Sheet tojson
A1: nro | B1: =IF(InputOutput!$B20="","",InputOutput!B20) -> Koko | C1: =IF(InputOutput!$B20="","",InputOutput!C20) -> B | D1: =IF(InputOutput!$B20="","",InputOutput!D20) -> HTVÄLI1 | E1: =IF(InputOutput!$B20="","",InputOutput!E20) -> HTVÄLI2 | F1: =IF(InputOutput!$B20="","",InputOutput!F20) -> HTKOKO | G1: =IF(InputOutput!$B20="","",InputOutput!G20) -> HTPIT | H1: =IF(InputOutput!$B20="","",InputOutput!H20) -> tyhjä | I1: =IF(InputOutput!$B20="","",InputOutput!I20) -> tyhjä | ... AD1: =IF(InputOutput!$B20="","",InputOutput!AD20) -> 0 | AE1: =IF(InputOutput!$B20="","",InputOutput!AW20) -> 0 | AF1: =IF(InputOutput!$B20="","",InputOutput!AX20) -> 0 | AG1: =IF(InputOutput!$B20="","",InputOutput!AY20) -> 0 | AH1: =IF(InputOutput!$B20="","",InputOutput!AZ20) -> 0 | AI1: =IF(InputOutput!$B20="","",InputOutput!BA20) -> 0 | AJ1: =IF(InputOutput!$B20="","",InputOutput!BB20) -> 0 | AK1: =IF(InputOutput!$B20="","",InputOutput!BC20) -> 0 | AL1: =IF(InputOutput!$B20="","",InputOutput!BD20) -> 0 | ... AN1: =IF(InputOutput!$B20="","",InputOutput!BF20) -> 0
A2: =IF(InputOutput!$B21="","",InputOutput!A21) -> 21 | B2: =IF(InputOutput!$B21="","",InputOutput!B21) -> 235 | C2: =IF(InputOutput!$B21="","",InputOutput!C21) -> 232 | D2: =IF(InputOutput!$B21="","",InputOutput!D21) -> 104 | E2: =IF(InputOutput!$B21="","",InputOutput!E21) -> 0 | F2: =IF(InputOutput!$B21="","",InputOutput!F21) -> 20 | G2: =IF(InputOutput!$B21="","",InputOutput!G21) -> 660 | H2: =IF(InputOutput!$B21="","",InputOutput!H21) -> 0 | ... AD2: =IF(InputOutput!$B21="","",InputOutput!AD21) -> 0 | AE2: =IF(InputOutput!$B21="","",ROUND(InputOutput!AW21,0)) -> 0 | AF2: =IF(InputOutput!$B21="","",ROUND(InputOutput!AX21,0)) -> 0 | AG2: =IF(InputOutput!$B21="","",InputOutput!AY21) -> 0 | AH2: =IF(InputOutput!$B21="","",InputOutput!AZ21) -> 0 | AI2: =IF(InputOutput!$B21="","",InputOutput!BA21) -> 0 | AJ2: =IF(InputOutput!$B21="","",InputOutput!BB21) -> 0 | AK2: =IF(InputOutput!$B21="","",InputOutput!BC21) -> 0 | AL2: =IF(InputOutput!$B21="","",InputOutput!BD21) -> 0 | AM2: =IF(InputOutput!$B21="","",InputOutput!BE21) -> 0 | AN2: =IF(InputOutput!$B21="","",InputOutput!BF21) -> 0
A3: =IF(InputOutput!$B22="","",InputOutput!A22) -> 22 | B3: =IF(InputOutput!$B22="","",InputOutput!B22) -> 235 | C3: =IF(InputOutput!$B22="","",InputOutput!C22) -> 232 | D3: =IF(InputOutput!$B22="","",InputOutput!D22) -> 104 | E3: =IF(InputOutput!$B22="","",InputOutput!E22) -> 0 | F3: =IF(InputOutput!$B22="","",InputOutput!F22) -> 20 | G3: =IF(InputOutput!$B22="","",InputOutput!G22) -> 660 | H3: =IF(InputOutput!$B22="","",InputOutput!H22) -> 0 | ... AD3: =IF(InputOutput!$B22="","",InputOutput!AD22) -> 0 | AE3: =IF(InputOutput!$B22="","",ROUND(InputOutput!AW22,0)) -> 0 | AF3: =IF(InputOutput!$B22="","",ROUND(InputOutput!AX22,0)) -> 0 | AG3: =IF(InputOutput!$B22="","",InputOutput!AY22) -> 0 | AH3: =IF(InputOutput!$B22="","",InputOutput!AZ22) -> 0 | AI3: =IF(InputOutput!$B22="","",InputOutput!BA22) -> 0 | AJ3: =IF(InputOutput!$B22="","",InputOutput!BB22) -> 0 | AK3: =IF(InputOutput!$B22="","",InputOutput!BC22) -> 0 | AL3: =IF(InputOutput!$B22="","",InputOutput!BD22) -> 0 | AM3: =IF(InputOutput!$B22="","",InputOutput!BE22) -> 0 | AN3: =IF(InputOutput!$B22="","",InputOutput!BF22) -> 0
A4: =IF(InputOutput!$B37="","",InputOutput!A23) -> 23 | B4: =IF(InputOutput!$B37="","",InputOutput!B37) -> 270 | C4: =IF(InputOutput!$B37="","",InputOutput!C37) -> 267 | D4: =IF(InputOutput!$B37="","",InputOutput!D37) -> 139 | E4: =IF(InputOutput!$B37="","",InputOutput!E37) -> 0 | F4: =IF(InputOutput!$B37="","",InputOutput!F37) -> 20 | G4: =IF(InputOutput!$B37="","",InputOutput!G37) -> 835 | H4: =IF(InputOutput!$B37="","",InputOutput!H37) -> 0 | I4: =IF(InputOutput!$B37="","",InputOutput!I37) -> 0 | ... Q4: =IF(InputOutput!$B37="","",InputOutput!Q37) -> öö | R4: =IF(InputOutput!$B37="","",InputOutput!R23) -> 0 | S4: =IF(InputOutput!$B37="","",InputOutput!S23) -> 0 | T4: =IF(InputOutput!$B37="","",InputOutput!T23) -> 0 | U4: =IF(InputOutput!$B37="","",InputOutput!U23) -> 0 | V4: =IF(InputOutput!$B37="","",InputOutput!V23) -> 0 | W4: =IF(InputOutput!$B37="","",InputOutput!W23) -> 0 | X4: =IF(InputOutput!$B37="","",InputOutput!X23) -> 0 | Y4: =IF(InputOutput!$B37="","",InputOutput!Y23) -> 0 | ... AD4: =IF(InputOutput!$B37="","",InputOutput!AD23) -> 0 | AE4: =IF(InputOutput!$B37="","",ROUND(InputOutput!AW23,0)) -> 0 | AF4: =IF(InputOutput!$B37="","",ROUND(InputOutput!AX23,0)) -> 0 | AG4: =IF(InputOutput!$B37="","",InputOutput!AY23) -> 0 | AH4: =IF(InputOutput!$B37="","",InputOutput!AZ23) -> 0 | AI4: =IF(InputOutput!$B37="","",InputOutput!BA23) -> 0 | AJ4: =IF(InputOutput!$B37="","",InputOutput!BB23) -> 0 | AK4: =IF(InputOutput!$B37="","",InputOutput!BC23) -> 0 | AL4: =IF(InputOutput!$B37="","",InputOutput!BD23) -> 0 | AM4: =IF(InputOutput!$B37="","",InputOutput!BE23) -> 0 | AN4: =IF(InputOutput!$B37="","",InputOutput!BF23) -> 0
A5: =IF(InputOutput!$B38="","",InputOutput!A24) -> 24 | B5: =IF(InputOutput!$B38="","",InputOutput!B38) -> 270 | C5: =IF(InputOutput!$B38="","",InputOutput!C38) -> 267 | D5: =IF(InputOutput!$B38="","",InputOutput!D38) -> 139 | E5: =IF(InputOutput!$B38="","",InputOutput!E38) -> 0 | F5: =IF(InputOutput!$B38="","",InputOutput!F38) -> 20 | G5: =IF(InputOutput!$B38="","",InputOutput!G38) -> 835 | H5: =IF(InputOutput!$B38="","",InputOutput!H38) -> 0 | I5: =IF(InputOutput!$B38="","",InputOutput!I38) -> 0 | ... Q5: =IF(InputOutput!$B38="","",InputOutput!Q38) -> öö | R5: =IF(InputOutput!$B38="","",InputOutput!R24) -> 0 | S5: =IF(InputOutput!$B38="","",InputOutput!S24) -> 0 | T5: =IF(InputOutput!$B38="","",InputOutput!T24) -> 0 | U5: =IF(InputOutput!$B38="","",InputOutput!U24) -> 0 | V5: =IF(InputOutput!$B38="","",InputOutput!V24) -> 0 | W5: =IF(InputOutput!$B38="","",InputOutput!W24) -> 0 | X5: =IF(InputOutput!$B38="","",InputOutput!X24) -> 0 | Y5: =IF(InputOutput!$B38="","",InputOutput!Y24) -> 0 | ... AD5: =IF(InputOutput!$B38="","",InputOutput!AD24) -> 0 | AE5: =IF(InputOutput!$B38="","",ROUND(InputOutput!AW24,0)) -> 0 | AF5: =IF(InputOutput!$B38="","",ROUND(InputOutput!AX24,0)) -> 0 | AG5: =IF(InputOutput!$B38="","",InputOutput!AY24) -> 0 | AH5: =IF(InputOutput!$B38="","",InputOutput!AZ24) -> 0 | AI5: =IF(InputOutput!$B38="","",InputOutput!BA24) -> 0 | AJ5: =IF(InputOutput!$B38="","",InputOutput!BB24) -> 0 | AK5: =IF(InputOutput!$B38="","",InputOutput!BC24) -> 0 | AL5: =IF(InputOutput!$B38="","",InputOutput!BD24) -> 0 | AM5: =IF(InputOutput!$B38="","",InputOutput!BE24) -> 0 | AN5: =IF(InputOutput!$B38="","",InputOutput!BF24) -> 0
A6: =IF(InputOutput!$B39="","",InputOutput!A25) | B6: =IF(InputOutput!$B39="","",InputOutput!B39) | C6: =IF(InputOutput!$B39="","",InputOutput!C39) | D6: =IF(InputOutput!$B39="","",InputOutput!D39) | E6: =IF(InputOutput!$B39="","",InputOutput!E39) | F6: =IF(InputOutput!$B39="","",InputOutput!F39) | G6: =IF(InputOutput!$B39="","",InputOutput!G39) | H6: =IF(InputOutput!$B39="","",InputOutput!H39) | I6: =IF(InputOutput!$B39="","",InputOutput!I39) | ... Q6: =IF(InputOutput!$B39="","",InputOutput!Q39) | R6: =IF(InputOutput!$B39="","",InputOutput!R25) | S6: =IF(InputOutput!$B39="","",InputOutput!S25) | T6: =IF(InputOutput!$B39="","",InputOutput!T25) | U6: =IF(InputOutput!$B39="","",InputOutput!U25) | V6: =IF(InputOutput!$B39="","",InputOutput!V25) | W6: =IF(InputOutput!$B39="","",InputOutput!W25) | X6: =IF(InputOutput!$B39="","",InputOutput!X25) | Y6: =IF(InputOutput!$B39="","",InputOutput!Y25) | ... AD6: =IF(InputOutput!$B39="","",InputOutput!AD25) | AE6: =IF(InputOutput!$B39="","",ROUND(InputOutput!AW25,0)) | AF6: =IF(InputOutput!$B39="","",ROUND(InputOutput!AX25,0)) | AG6: =IF(InputOutput!$B39="","",InputOutput!AY25) | AH6: =IF(InputOutput!$B39="","",InputOutput!AZ25) | AI6: =IF(InputOutput!$B39="","",InputOutput!BA25) | AJ6: =IF(InputOutput!$B39="","",InputOutput!BB25) | AK6: =IF(InputOutput!$B39="","",InputOutput!BC25) | AL6: =IF(InputOutput!$B39="","",InputOutput!BD25) | AM6: =IF(InputOutput!$B39="","",InputOutput!BE25) | AN6: =IF(InputOutput!$B39="","",InputOutput!BF25)
A7: =IF(InputOutput!$B40="","",InputOutput!A26) | B7: =IF(InputOutput!$B40="","",InputOutput!B40) | C7: =IF(InputOutput!$B40="","",InputOutput!C40) | D7: =IF(InputOutput!$B40="","",InputOutput!D40) | E7: =IF(InputOutput!$B40="","",InputOutput!E40) | F7: =IF(InputOutput!$B40="","",InputOutput!F40) | G7: =IF(InputOutput!$B40="","",InputOutput!G40) | H7: =IF(InputOutput!$B40="","",InputOutput!H40) | I7: =IF(InputOutput!$B40="","",InputOutput!I40) | ... Q7: =IF(InputOutput!$B40="","",InputOutput!Q40) | R7: =IF(InputOutput!$B40="","",InputOutput!R26) | S7: =IF(InputOutput!$B40="","",InputOutput!S26) | T7: =IF(InputOutput!$B40="","",InputOutput!T26) | U7: =IF(InputOutput!$B40="","",InputOutput!U26) | V7: =IF(InputOutput!$B40="","",InputOutput!V26) | W7: =IF(InputOutput!$B40="","",InputOutput!W26) | X7: =IF(InputOutput!$B40="","",InputOutput!X26) | Y7: =IF(InputOutput!$B40="","",InputOutput!Y26) | ... AD7: =IF(InputOutput!$B40="","",InputOutput!AD26) | AE7: =IF(InputOutput!$B40="","",ROUND(InputOutput!AW26,0)) | AF7: =IF(InputOutput!$B40="","",ROUND(InputOutput!AX26,0)) | AG7: =IF(InputOutput!$B40="","",InputOutput!AY26) | AH7: =IF(InputOutput!$B40="","",InputOutput!AZ26) | AI7: =IF(InputOutput!$B40="","",InputOutput!BA26) | AJ7: =IF(InputOutput!$B40="","",InputOutput!BB26) | AK7: =IF(InputOutput!$B40="","",InputOutput!BC26) | AL7: =IF(InputOutput!$B40="","",InputOutput!BD26) | AM7: =IF(InputOutput!$B40="","",InputOutput!BE26) | AN7: =IF(InputOutput!$B40="","",InputOutput!BF26)
A8: =IF(InputOutput!$B27="","",InputOutput!A27) -> 27 | B8: =IF(InputOutput!$B27="","",InputOutput!B27) -> 270 | C8: =IF(InputOutput!$B27="","",InputOutput!C27) -> 267 | D8: =IF(InputOutput!$B27="","",InputOutput!D27) -> 139 | E8: =IF(InputOutput!$B27="","",InputOutput!E27) -> 0 | F8: =IF(InputOutput!$B27="","",InputOutput!F27) -> 20 | G8: =IF(InputOutput!$B27="","",InputOutput!G27) -> 835 | H8: =IF(InputOutput!$B27="","",InputOutput!H27) -> 0 | ... AD8: =IF(InputOutput!$B27="","",InputOutput!AD27) -> 0 | AE8: =IF(InputOutput!$B27="","",ROUND(InputOutput!AW27,0)) -> 0 | AF8: =IF(InputOutput!$B27="","",ROUND(InputOutput!AX27,0)) -> 0 | AG8: =IF(InputOutput!$B27="","",InputOutput!AY27) -> 0 | AH8: =IF(InputOutput!$B27="","",InputOutput!AZ27) -> 0 | AI8: =IF(InputOutput!$B27="","",InputOutput!BA27) -> 0 | AJ8: =IF(InputOutput!$B27="","",InputOutput!BB27) -> 0 | AK8: =IF(InputOutput!$B27="","",InputOutput!BC27) -> 0 | AL8: =IF(InputOutput!$B27="","",InputOutput!BD27) -> 0 | AM8: =IF(InputOutput!$B27="","",InputOutput!BE27) -> 0 | AN8: =IF(InputOutput!$B27="","",InputOutput!BF27) -> 0
A9: =IF(InputOutput!$B28="","",InputOutput!A28) -> 28 | B9: =IF(InputOutput!$B28="","",InputOutput!B28) -> 270 | C9: =IF(InputOutput!$B28="","",InputOutput!C28) -> 267 | D9: =IF(InputOutput!$B28="","",InputOutput!D28) -> 139 | E9: =IF(InputOutput!$B28="","",InputOutput!E28) -> 0 | F9: =IF(InputOutput!$B28="","",InputOutput!F28) -> 20 | G9: =IF(InputOutput!$B28="","",InputOutput!G28) -> 835 | H9: =IF(InputOutput!$B28="","",InputOutput!H28) -> 0 | ... AD9: =IF(InputOutput!$B28="","",InputOutput!AD28) -> 0 | AE9: =IF(InputOutput!$B28="","",ROUND(InputOutput!AW28,0)) -> 0 | AF9: =IF(InputOutput!$B28="","",ROUND(InputOutput!AX28,0)) -> 0 | AG9: =IF(InputOutput!$B28="","",InputOutput!AY28) -> 0 | AH9: =IF(InputOutput!$B28="","",InputOutput!AZ28) -> 0 | AI9: =IF(InputOutput!$B28="","",InputOutput!BA28) -> 0 | AJ9: =IF(InputOutput!$B28="","",InputOutput!BB28) -> 0 | AK9: =IF(InputOutput!$B28="","",InputOutput!BC28) -> 0 | AL9: =IF(InputOutput!$B28="","",InputOutput!BD28) -> 0 | AM9: =IF(InputOutput!$B28="","",InputOutput!BE28) -> 0 | AN9: =IF(InputOutput!$B28="","",InputOutput!BF28) -> 0
A10: =IF(InputOutput!$B29="","",InputOutput!A29) -> 29 | B10: =IF(InputOutput!$B29="","",InputOutput!B29) -> 270 | C10: =IF(InputOutput!$B29="","",InputOutput!C29) -> 267 | D10: =IF(InputOutput!$B29="","",InputOutput!D29) -> 139 | E10: =IF(InputOutput!$B29="","",InputOutput!E29) -> 0 | F10: =IF(InputOutput!$B29="","",InputOutput!F29) -> 20 | G10: =IF(InputOutput!$B29="","",InputOutput!G29) -> 835 | H10: =IF(InputOutput!$B29="","",InputOutput!H29) -> 0 | ... AD10: =IF(InputOutput!$B29="","",InputOutput!AD29) -> 0 | AE10: =IF(InputOutput!$B29="","",ROUND(InputOutput!AW29,0)) -> 0 | AF10: =IF(InputOutput!$B29="","",ROUND(InputOutput!AX29,0)) -> 0 | AG10: =IF(InputOutput!$B29="","",InputOutput!AY29) -> 0 | AH10: =IF(InputOutput!$B29="","",InputOutput!AZ29) -> 0 | AI10: =IF(InputOutput!$B29="","",InputOutput!BA29) -> 0 | AJ10: =IF(InputOutput!$B29="","",InputOutput!BB29) -> 0 | AK10: =IF(InputOutput!$B29="","",InputOutput!BC29) -> 0 | AL10: =IF(InputOutput!$B29="","",InputOutput!BD29) -> 0 | AM10: =IF(InputOutput!$B29="","",InputOutput!BE29) -> 0 | AN10: =IF(InputOutput!$B29="","",InputOutput!BF29) -> 0
A11: =IF(InputOutput!$B30="","",InputOutput!A30) -> 30 | B11: =IF(InputOutput!$B30="","",InputOutput!B30) -> 235 | C11: =IF(InputOutput!$B30="","",InputOutput!C30) -> 232 | D11: =IF(InputOutput!$B30="","",InputOutput!D30) -> 104 | E11: =IF(InputOutput!$B30="","",InputOutput!E30) -> 0 | F11: =IF(InputOutput!$B30="","",InputOutput!F30) -> 20 | G11: =IF(InputOutput!$B30="","",InputOutput!G30) -> 660 | H11: =IF(InputOutput!$B30="","",InputOutput!H30) -> 0 | ... AD11: =IF(InputOutput!$B30="","",InputOutput!AD30) -> 0 | AE11: =IF(InputOutput!$B30="","",ROUND(InputOutput!AW30,0)) -> 0 | AF11: =IF(InputOutput!$B30="","",ROUND(InputOutput!AX30,0)) -> 0 | AG11: =IF(InputOutput!$B30="","",InputOutput!AY30) -> 0 | AH11: =IF(InputOutput!$B30="","",InputOutput!AZ30) -> 0 | AI11: =IF(InputOutput!$B30="","",InputOutput!BA30) -> 0 | AJ11: =IF(InputOutput!$B30="","",InputOutput!BB30) -> 0 | AK11: =IF(InputOutput!$B30="","",InputOutput!BC30) -> 0 | AL11: =IF(InputOutput!$B30="","",InputOutput!BD30) -> 0 | AM11: =IF(InputOutput!$B30="","",InputOutput!BE30) -> 0 | AN11: =IF(InputOutput!$B30="","",InputOutput!BF30) -> 0
A12: =IF(InputOutput!$B31="","",InputOutput!A31) -> 31 | B12: =IF(InputOutput!$B31="","",InputOutput!B31) -> 235 | C12: =IF(InputOutput!$B31="","",InputOutput!C31) -> 232 | D12: =IF(InputOutput!$B31="","",InputOutput!D31) -> 104 | E12: =IF(InputOutput!$B31="","",InputOutput!E31) -> 0 | F12: =IF(InputOutput!$B31="","",InputOutput!F31) -> 20 | G12: =IF(InputOutput!$B31="","",InputOutput!G31) -> 660 | H12: =IF(InputOutput!$B31="","",InputOutput!H31) -> 0 | ... AD12: =IF(InputOutput!$B31="","",InputOutput!AD31) -> 0 | AE12: =IF(InputOutput!$B31="","",ROUND(InputOutput!AW31,0)) -> 0 | AF12: =IF(InputOutput!$B31="","",ROUND(InputOutput!AX31,0)) -> 0 | AG12: =IF(InputOutput!$B31="","",InputOutput!AY31) -> 0 | AH12: =IF(InputOutput!$B31="","",InputOutput!AZ31) -> 0 | AI12: =IF(InputOutput!$B31="","",InputOutput!BA31) -> 0 | AJ12: =IF(InputOutput!$B31="","",InputOutput!BB31) -> 0 | AK12: =IF(InputOutput!$B31="","",InputOutput!BC31) -> 0 | AL12: =IF(InputOutput!$B31="","",InputOutput!BD31) -> 0 | AM12: =IF(InputOutput!$B31="","",InputOutput!BE31) -> 0 | AN12: =IF(InputOutput!$B31="","",InputOutput!BF31) -> 0
A13: =IF(InputOutput!$B32="","",InputOutput!A32) -> 32 | B13: =IF(InputOutput!$B32="","",InputOutput!B32) -> 235 | C13: =IF(InputOutput!$B32="","",InputOutput!C32) -> 232 | D13: =IF(InputOutput!$B32="","",InputOutput!D32) -> 104 | E13: =IF(InputOutput!$B32="","",InputOutput!E32) -> 0 | F13: =IF(InputOutput!$B32="","",InputOutput!F32) -> 20 | G13: =IF(InputOutput!$B32="","",InputOutput!G32) -> 660 | H13: =IF(InputOutput!$B32="","",InputOutput!H32) -> 0 | ... AD13: =IF(InputOutput!$B32="","",InputOutput!AD32) -> 0 | AE13: =IF(InputOutput!$B32="","",ROUND(InputOutput!AW32,0)) -> 0 | AF13: =IF(InputOutput!$B32="","",ROUND(InputOutput!AX32,0)) -> 0 | AG13: =IF(InputOutput!$B32="","",InputOutput!AY32) -> 0 | AH13: =IF(InputOutput!$B32="","",InputOutput!AZ32) -> 0 | AI13: =IF(InputOutput!$B32="","",InputOutput!BA32) -> 0 | AJ13: =IF(InputOutput!$B32="","",InputOutput!BB32) -> 0 | AK13: =IF(InputOutput!$B32="","",InputOutput!BC32) -> 0 | AL13: =IF(InputOutput!$B32="","",InputOutput!BD32) -> 0 | AM13: =IF(InputOutput!$B32="","",InputOutput!BE32) -> 0 | AN13: =IF(InputOutput!$B32="","",InputOutput!BF32) -> 0
A14: =IF(InputOutput!$B33="","",InputOutput!A33) -> 33 | B14: =IF(InputOutput!$B33="","",InputOutput!B33) -> 270 | C14: =IF(InputOutput!$B33="","",InputOutput!C33) -> 267 | D14: =IF(InputOutput!$B33="","",InputOutput!D33) -> 104 | E14: =IF(InputOutput!$B33="","",InputOutput!E33) -> 0 | F14: =IF(InputOutput!$B33="","",InputOutput!F33) -> 20 | G14: =IF(InputOutput!$B33="","",InputOutput!G33) -> 835 | H14: =IF(InputOutput!$B33="","",InputOutput!H33) -> 0 | ... AD14: =IF(InputOutput!$B33="","",InputOutput!AD33) -> 0 | AE14: =IF(InputOutput!$B33="","",ROUND(InputOutput!AW33,0)) -> 0 | AF14: =IF(InputOutput!$B33="","",ROUND(InputOutput!AX33,0)) -> 0 | AG14: =IF(InputOutput!$B33="","",InputOutput!AY33) -> 0 | AH14: =IF(InputOutput!$B33="","",InputOutput!AZ33) -> 0 | AI14: =IF(InputOutput!$B33="","",InputOutput!BA33) -> 0 | AJ14: =IF(InputOutput!$B33="","",InputOutput!BB33) -> 0 | AK14: =IF(InputOutput!$B33="","",InputOutput!BC33) -> 0 | AL14: =IF(InputOutput!$B33="","",InputOutput!BD33) -> 0 | AM14: =IF(InputOutput!$B33="","",InputOutput!BE33) -> 0 | AN14: =IF(InputOutput!$B33="","",InputOutput!BF33) -> 0
A15: =IF(InputOutput!$B34="","",InputOutput!A34) -> 34 | B15: =IF(InputOutput!$B34="","",InputOutput!B34) -> 270 | C15: =IF(InputOutput!$B34="","",InputOutput!C34) -> 267 | D15: =IF(InputOutput!$B34="","",InputOutput!D34) -> 104 | E15: =IF(InputOutput!$B34="","",InputOutput!E34) -> 0 | F15: =IF(InputOutput!$B34="","",InputOutput!F34) -> 20 | G15: =IF(InputOutput!$B34="","",InputOutput!G34) -> 835 | H15: =IF(InputOutput!$B34="","",InputOutput!H34) -> 0 | ... AD15: =IF(InputOutput!$B34="","",InputOutput!AD34) -> 0 | AE15: =IF(InputOutput!$B34="","",ROUND(InputOutput!AW34,0)) -> 0 | AF15: =IF(InputOutput!$B34="","",ROUND(InputOutput!AX34,0)) -> 0 | AG15: =IF(InputOutput!$B34="","",InputOutput!AY34) -> 0 | AH15: =IF(InputOutput!$B34="","",InputOutput!AZ34) -> 0 | AI15: =IF(InputOutput!$B34="","",InputOutput!BA34) -> 0 | AJ15: =IF(InputOutput!$B34="","",InputOutput!BB34) -> 0 | AK15: =IF(InputOutput!$B34="","",InputOutput!BC34) -> 0 | AL15: =IF(InputOutput!$B34="","",InputOutput!BD34) -> 0 | AM15: =IF(InputOutput!$B34="","",InputOutput!BE34) -> 0 | AN15: =IF(InputOutput!$B34="","",InputOutput!BF34) -> 0
A16: =IF(InputOutput!$B35="","",InputOutput!A35) -> 35 | B16: =IF(InputOutput!$B35="","",InputOutput!B35) -> 270 | C16: =IF(InputOutput!$B35="","",InputOutput!C35) -> 267 | D16: =IF(InputOutput!$B35="","",InputOutput!D35) -> 104 | E16: =IF(InputOutput!$B35="","",InputOutput!E35) -> 0 | F16: =IF(InputOutput!$B35="","",InputOutput!F35) -> 20 | G16: =IF(InputOutput!$B35="","",InputOutput!G35) -> 835 | H16: =IF(InputOutput!$B35="","",InputOutput!H35) -> 0 | ... AD16: =IF(InputOutput!$B35="","",InputOutput!AD35) -> 0 | AE16: =IF(InputOutput!$B35="","",ROUND(InputOutput!AW35,0)) -> 0 | AF16: =IF(InputOutput!$B35="","",ROUND(InputOutput!AX35,0)) -> 0 | AG16: =IF(InputOutput!$B35="","",InputOutput!AY35) -> 0 | AH16: =IF(InputOutput!$B35="","",InputOutput!AZ35) -> 0 | AI16: =IF(InputOutput!$B35="","",InputOutput!BA35) -> 0 | AJ16: =IF(InputOutput!$B35="","",InputOutput!BB35) -> 0 | AK16: =IF(InputOutput!$B35="","",InputOutput!BC35) -> 0 | AL16: =IF(InputOutput!$B35="","",InputOutput!BD35) -> 0 | AM16: =IF(InputOutput!$B35="","",InputOutput!BE35) -> 0 | AN16: =IF(InputOutput!$B35="","",InputOutput!BF35) -> 0
A17: =IF(InputOutput!$B36="","",InputOutput!A36) -> 36 | B17: =IF(InputOutput!$B36="","",InputOutput!B36) -> 270 | C17: =IF(InputOutput!$B36="","",InputOutput!C36) -> 267 | D17: =IF(InputOutput!$B36="","",InputOutput!D36) -> 139 | E17: =IF(InputOutput!$B36="","",InputOutput!E36) -> 0 | F17: =IF(InputOutput!$B36="","",InputOutput!F36) -> 20 | G17: =IF(InputOutput!$B36="","",InputOutput!G36) -> 835 | H17: =IF(InputOutput!$B36="","",InputOutput!H36) -> 0 | ... AD17: =IF(InputOutput!$B36="","",InputOutput!AD36) -> 0 | AE17: =IF(InputOutput!$B36="","",ROUND(InputOutput!AW36,0)) -> 0 | AF17: =IF(InputOutput!$B36="","",ROUND(InputOutput!AX36,0)) -> 0 | AG17: =IF(InputOutput!$B36="","",InputOutput!AY36) -> 0 | AH17: =IF(InputOutput!$B36="","",InputOutput!AZ36) -> 0 | AI17: =IF(InputOutput!$B36="","",InputOutput!BA36) -> 0 | AJ17: =IF(InputOutput!$B36="","",InputOutput!BB36) -> 0 | AK17: =IF(InputOutput!$B36="","",InputOutput!BC36) -> 0 | AL17: =IF(InputOutput!$B36="","",InputOutput!BD36) -> 0 | AM17: =IF(InputOutput!$B36="","",InputOutput!BE36) -> 0 | AN17: =IF(InputOutput!$B36="","",InputOutput!BF36) -> 0
A18: =IF(InputOutput!#REF!="","",InputOutput!A37) -> #REF! | B18: =IF(InputOutput!#REF!="","",InputOutput!#REF!) -> #REF! | C18: =IF(InputOutput!#REF!="","",InputOutput!#REF!) -> #REF! | D18: =IF(InputOutput!#REF!="","",InputOutput!#REF!) -> #REF! | E18: =IF(InputOutput!#REF!="","",InputOutput!#REF!) -> #REF! | F18: =IF(InputOutput!#REF!="","",InputOutput!#REF!) -> #REF! | G18: =IF(InputOutput!#REF!="","",InputOutput!#REF!) -> #REF! | H18: =IF(InputOutput!#REF!="","",InputOutput!#REF!) -> #REF! | I18: =IF(InputOutput!#REF!="","",InputOutput!#REF!) -> #REF! | ... Q18: =IF(InputOutput!#REF!="","",InputOutput!#REF!) -> #REF! | R18: =IF(InputOutput!#REF!="","",InputOutput!R37) -> #REF! | S18: =IF(InputOutput!#REF!="","",InputOutput!S37) -> #REF! | T18: =IF(InputOutput!#REF!="","",InputOutput!T37) -> #REF! | U18: =IF(InputOutput!#REF!="","",InputOutput!U37) -> #REF! | V18: =IF(InputOutput!#REF!="","",InputOutput!V37) -> #REF! | W18: =IF(InputOutput!#REF!="","",InputOutput!W37) -> #REF! | X18: =IF(InputOutput!#REF!="","",InputOutput!X37) -> #REF! | Y18: =IF(InputOutput!#REF!="","",InputOutput!Y37) -> #REF! | ... AD18: =IF(InputOutput!#REF!="","",InputOutput!AD37) -> #REF! | AE18: =IF(InputOutput!#REF!="","",ROUND(InputOutput!AW37,0)) -> #REF! | AF18: =IF(InputOutput!#REF!="","",ROUND(InputOutput!AX37,0)) -> #REF! | AG18: =IF(InputOutput!#REF!="","",InputOutput!AY37) -> #REF! | AH18: =IF(InputOutput!#REF!="","",InputOutput!AZ37) -> #REF! | AI18: =IF(InputOutput!#REF!="","",InputOutput!BA37) -> #REF! | AJ18: =IF(InputOutput!#REF!="","",InputOutput!BB37) -> #REF! | AK18: =IF(InputOutput!#REF!="","",InputOutput!BC37) -> #REF! | AL18: =IF(InputOutput!#REF!="","",InputOutput!BD37) -> #REF! | AM18: =IF(InputOutput!#REF!="","",InputOutput!BE37) -> #REF! | AN18: =IF(InputOutput!#REF!="","",InputOutput!BF37) -> #REF!
A19: =IF(InputOutput!#REF!="","",InputOutput!A38) -> #REF! | B19: =IF(InputOutput!#REF!="","",InputOutput!#REF!) -> #REF! | C19: =IF(InputOutput!#REF!="","",InputOutput!#REF!) -> #REF! | D19: =IF(InputOutput!#REF!="","",InputOutput!#REF!) -> #REF! | E19: =IF(InputOutput!#REF!="","",InputOutput!#REF!) -> #REF! | F19: =IF(InputOutput!#REF!="","",InputOutput!#REF!) -> #REF! | G19: =IF(InputOutput!#REF!="","",InputOutput!#REF!) -> #REF! | H19: =IF(InputOutput!#REF!="","",InputOutput!#REF!) -> #REF! | I19: =IF(InputOutput!#REF!="","",InputOutput!#REF!) -> #REF! | ... Q19: =IF(InputOutput!#REF!="","",InputOutput!#REF!) -> #REF! | R19: =IF(InputOutput!#REF!="","",InputOutput!R38) -> #REF! | S19: =IF(InputOutput!#REF!="","",InputOutput!S38) -> #REF! | T19: =IF(InputOutput!#REF!="","",InputOutput!T38) -> #REF! | U19: =IF(InputOutput!#REF!="","",InputOutput!U38) -> #REF! | V19: =IF(InputOutput!#REF!="","",InputOutput!V38) -> #REF! | W19: =IF(InputOutput!#REF!="","",InputOutput!W38) -> #REF! | X19: =IF(InputOutput!#REF!="","",InputOutput!X38) -> #REF! | Y19: =IF(InputOutput!#REF!="","",InputOutput!Y38) -> #REF! | ... AD19: =IF(InputOutput!#REF!="","",InputOutput!AD38) -> #REF! | AE19: =IF(InputOutput!#REF!="","",ROUND(InputOutput!AW38,0)) -> #REF! | AF19: =IF(InputOutput!#REF!="","",ROUND(InputOutput!AX38,0)) -> #REF! | AG19: =IF(InputOutput!#REF!="","",InputOutput!AY38) -> #REF! | AH19: =IF(InputOutput!#REF!="","",InputOutput!AZ38) -> #REF! | AI19: =IF(InputOutput!#REF!="","",InputOutput!BA38) -> #REF! | AJ19: =IF(InputOutput!#REF!="","",InputOutput!BB38) -> #REF! | AK19: =IF(InputOutput!#REF!="","",InputOutput!BC38) -> #REF! | AL19: =IF(InputOutput!#REF!="","",InputOutput!BD38) -> #REF! | AM19: =IF(InputOutput!#REF!="","",InputOutput!BE38) -> #REF! | AN19: =IF(InputOutput!#REF!="","",InputOutput!BF38) -> #REF!
A20: =IF(InputOutput!#REF!="","",InputOutput!A39) -> #REF! | B20: =IF(InputOutput!#REF!="","",InputOutput!#REF!) -> #REF! | C20: =IF(InputOutput!#REF!="","",InputOutput!#REF!) -> #REF! | D20: =IF(InputOutput!#REF!="","",InputOutput!#REF!) -> #REF! | E20: =IF(InputOutput!#REF!="","",InputOutput!#REF!) -> #REF! | F20: =IF(InputOutput!#REF!="","",InputOutput!#REF!) -> #REF! | G20: =IF(InputOutput!#REF!="","",InputOutput!#REF!) -> #REF! | H20: =IF(InputOutput!#REF!="","",InputOutput!#REF!) -> #REF! | I20: =IF(InputOutput!#REF!="","",InputOutput!#REF!) -> #REF! | ... Q20: =IF(InputOutput!#REF!="","",InputOutput!#REF!) -> #REF! | R20: =IF(InputOutput!#REF!="","",InputOutput!R39) -> #REF! | S20: =IF(InputOutput!#REF!="","",InputOutput!S39) -> #REF! | T20: =IF(InputOutput!#REF!="","",InputOutput!T39) -> #REF! | U20: =IF(InputOutput!#REF!="","",InputOutput!U39) -> #REF! | V20: =IF(InputOutput!#REF!="","",InputOutput!V39) -> #REF! | W20: =IF(InputOutput!#REF!="","",InputOutput!W39) -> #REF! | X20: =IF(InputOutput!#REF!="","",InputOutput!X39) -> #REF! | Y20: =IF(InputOutput!#REF!="","",InputOutput!Y39) -> #REF! | ... AD20: =IF(InputOutput!#REF!="","",InputOutput!AD39) -> #REF! | AE20: =IF(InputOutput!#REF!="","",ROUND(InputOutput!AW39,0)) -> #REF! | AF20: =IF(InputOutput!#REF!="","",ROUND(InputOutput!AX39,0)) -> #REF! | AG20: =IF(InputOutput!#REF!="","",InputOutput!AY39) -> #REF! | AH20: =IF(InputOutput!#REF!="","",InputOutput!AZ39) -> #REF! | AI20: =IF(InputOutput!#REF!="","",InputOutput!BA39) -> #REF! | AJ20: =IF(InputOutput!#REF!="","",InputOutput!BB39) -> #REF! | AK20: =IF(InputOutput!#REF!="","",InputOutput!BC39) -> #REF! | AL20: =IF(InputOutput!#REF!="","",InputOutput!BD39) -> #REF! | AM20: =IF(InputOutput!#REF!="","",InputOutput!BE39) -> #REF! | AN20: =IF(InputOutput!#REF!="","",InputOutput!BF39) -> #REF!
A21: =IF(InputOutput!#REF!="","",InputOutput!A40) -> #REF! | B21: =IF(InputOutput!#REF!="","",InputOutput!#REF!) -> #REF! | C21: =IF(InputOutput!#REF!="","",InputOutput!#REF!) -> #REF! | D21: =IF(InputOutput!#REF!="","",InputOutput!#REF!) -> #REF! | E21: =IF(InputOutput!#REF!="","",InputOutput!#REF!) -> #REF! | F21: =IF(InputOutput!#REF!="","",InputOutput!#REF!) -> #REF! | G21: =IF(InputOutput!#REF!="","",InputOutput!#REF!) -> #REF! | H21: =IF(InputOutput!#REF!="","",InputOutput!#REF!) -> #REF! | I21: =IF(InputOutput!#REF!="","",InputOutput!#REF!) -> #REF! | ... Q21: =IF(InputOutput!#REF!="","",InputOutput!#REF!) -> #REF! | R21: =IF(InputOutput!#REF!="","",InputOutput!R40) -> #REF! | S21: =IF(InputOutput!#REF!="","",InputOutput!S40) -> #REF! | T21: =IF(InputOutput!#REF!="","",InputOutput!T40) -> #REF! | U21: =IF(InputOutput!#REF!="","",InputOutput!U40) -> #REF! | V21: =IF(InputOutput!#REF!="","",InputOutput!V40) -> #REF! | W21: =IF(InputOutput!#REF!="","",InputOutput!W40) -> #REF! | X21: =IF(InputOutput!#REF!="","",InputOutput!X40) -> #REF! | Y21: =IF(InputOutput!#REF!="","",InputOutput!Y40) -> #REF! | ... AD21: =IF(InputOutput!#REF!="","",InputOutput!AD40) -> #REF! | AE21: =IF(InputOutput!#REF!="","",ROUND(InputOutput!AW40,0)) -> #REF! | AF21: =IF(InputOutput!#REF!="","",ROUND(InputOutput!AX40,0)) -> #REF! | AG21: =IF(InputOutput!#REF!="","",InputOutput!AY40) -> #REF! | AH21: =IF(InputOutput!#REF!="","",InputOutput!AZ40) -> #REF! | AI21: =IF(InputOutput!#REF!="","",InputOutput!BA40) -> #REF! | AJ21: =IF(InputOutput!#REF!="","",InputOutput!BB40) -> #REF! | AK21: =IF(InputOutput!#REF!="","",InputOutput!BC40) -> #REF! | AL21: =IF(InputOutput!#REF!="","",InputOutput!BD40) -> #REF! | AM21: =IF(InputOutput!#REF!="","",InputOutput!BE40) -> #REF! | AN21: =IF(InputOutput!#REF!="","",InputOutput!BF40) -> #REF!
A22: =IF(InputOutput!$B41="","",InputOutput!A41) | B22: =IF(InputOutput!$B41="","",InputOutput!B41) | C22: =IF(InputOutput!$B41="","",InputOutput!C41) | D22: =IF(InputOutput!$B41="","",InputOutput!D41) | E22: =IF(InputOutput!$B41="","",InputOutput!E41) | F22: =IF(InputOutput!$B41="","",InputOutput!F41) | G22: =IF(InputOutput!$B41="","",InputOutput!G41) | H22: =IF(InputOutput!$B41="","",InputOutput!H41) | ... AD22: =IF(InputOutput!$B41="","",InputOutput!AD41) | AE22: =IF(InputOutput!$B41="","",ROUND(InputOutput!AW41,0)) | AF22: =IF(InputOutput!$B41="","",ROUND(InputOutput!AX41,0)) | AG22: =IF(InputOutput!$B41="","",InputOutput!AY41) | AH22: =IF(InputOutput!$B41="","",InputOutput!AZ41) | AI22: =IF(InputOutput!$B41="","",InputOutput!BA41) | AJ22: =IF(InputOutput!$B41="","",InputOutput!BB41) | AK22: =IF(InputOutput!$B41="","",InputOutput!BC41) | AL22: =IF(InputOutput!$B41="","",InputOutput!BD41) | AM22: =IF(InputOutput!$B41="","",InputOutput!BE41) | AN22: =IF(InputOutput!$B41="","",InputOutput!BF41)
A23: =IF(InputOutput!$B42="","",InputOutput!A42) | B23: =IF(InputOutput!$B42="","",InputOutput!B42) | C23: =IF(InputOutput!$B42="","",InputOutput!C42) | D23: =IF(InputOutput!$B42="","",InputOutput!D42) | E23: =IF(InputOutput!$B42="","",InputOutput!E42) | F23: =IF(InputOutput!$B42="","",InputOutput!F42) | G23: =IF(InputOutput!$B42="","",InputOutput!G42) | H23: =IF(InputOutput!$B42="","",InputOutput!H42) | ... AD23: =IF(InputOutput!$B42="","",InputOutput!AD42) | AE23: =IF(InputOutput!$B42="","",ROUND(InputOutput!AW42,0)) | AF23: =IF(InputOutput!$B42="","",ROUND(InputOutput!AX42,0)) | AG23: =IF(InputOutput!$B42="","",InputOutput!AY42) | AH23: =IF(InputOutput!$B42="","",InputOutput!AZ42) | AI23: =IF(InputOutput!$B42="","",InputOutput!BA42) | AJ23: =IF(InputOutput!$B42="","",InputOutput!BB42) | AK23: =IF(InputOutput!$B42="","",InputOutput!BC42) | AL23: =IF(InputOutput!$B42="","",InputOutput!BD42) | AM23: =IF(InputOutput!$B42="","",InputOutput!BE42) | AN23: =IF(InputOutput!$B42="","",InputOutput!BF42)
A24: =IF(InputOutput!$B43="","",InputOutput!A43) | B24: =IF(InputOutput!$B43="","",InputOutput!B43) | C24: =IF(InputOutput!$B43="","",InputOutput!C43) | D24: =IF(InputOutput!$B43="","",InputOutput!D43) | E24: =IF(InputOutput!$B43="","",InputOutput!E43) | F24: =IF(InputOutput!$B43="","",InputOutput!F43) | G24: =IF(InputOutput!$B43="","",InputOutput!G43) | H24: =IF(InputOutput!$B43="","",InputOutput!H43) | ... AD24: =IF(InputOutput!$B43="","",InputOutput!AD43) | AE24: =IF(InputOutput!$B43="","",ROUND(InputOutput!AW43,0)) | AF24: =IF(InputOutput!$B43="","",ROUND(InputOutput!AX43,0)) | AG24: =IF(InputOutput!$B43="","",InputOutput!AY43) | AH24: =IF(InputOutput!$B43="","",InputOutput!AZ43) | AI24: =IF(InputOutput!$B43="","",InputOutput!BA43) | AJ24: =IF(InputOutput!$B43="","",InputOutput!BB43) | AK24: =IF(InputOutput!$B43="","",InputOutput!BC43) | AL24: =IF(InputOutput!$B43="","",InputOutput!BD43) | AM24: =IF(InputOutput!$B43="","",InputOutput!BE43) | AN24: =IF(InputOutput!$B43="","",InputOutput!BF43)
A25: =IF(InputOutput!$B44="","",InputOutput!A44) | B25: =IF(InputOutput!$B44="","",InputOutput!B44) | C25: =IF(InputOutput!$B44="","",InputOutput!C44) | D25: =IF(InputOutput!$B44="","",InputOutput!D44) | E25: =IF(InputOutput!$B44="","",InputOutput!E44) | F25: =IF(InputOutput!$B44="","",InputOutput!F44) | G25: =IF(InputOutput!$B44="","",InputOutput!G44) | H25: =IF(InputOutput!$B44="","",InputOutput!H44) | ... AD25: =IF(InputOutput!$B44="","",InputOutput!AD44) | AE25: =IF(InputOutput!$B44="","",ROUND(InputOutput!AW44,0)) | AF25: =IF(InputOutput!$B44="","",ROUND(InputOutput!AX44,0)) | AG25: =IF(InputOutput!$B44="","",InputOutput!AY44) | AH25: =IF(InputOutput!$B44="","",InputOutput!AZ44) | AI25: =IF(InputOutput!$B44="","",InputOutput!BA44) | AJ25: =IF(InputOutput!$B44="","",InputOutput!BB44) | AK25: =IF(InputOutput!$B44="","",InputOutput!BC44) | AL25: =IF(InputOutput!$B44="","",InputOutput!BD44) | AM25: =IF(InputOutput!$B44="","",InputOutput!BE44) | AN25: =IF(InputOutput!$B44="","",InputOutput!BF44)
A26: =IF(InputOutput!$B45="","",InputOutput!A45) | B26: =IF(InputOutput!$B45="","",InputOutput!B45) | C26: =IF(InputOutput!$B45="","",InputOutput!C45) | D26: =IF(InputOutput!$B45="","",InputOutput!D45) | E26: =IF(InputOutput!$B45="","",InputOutput!E45) | F26: =IF(InputOutput!$B45="","",InputOutput!F45) | G26: =IF(InputOutput!$B45="","",InputOutput!G45) | H26: =IF(InputOutput!$B45="","",InputOutput!H45) | ... AD26: =IF(InputOutput!$B45="","",InputOutput!AD45) | AE26: =IF(InputOutput!$B45="","",ROUND(InputOutput!AW45,0)) | AF26: =IF(InputOutput!$B45="","",ROUND(InputOutput!AX45,0)) | AG26: =IF(InputOutput!$B45="","",InputOutput!AY45) | AH26: =IF(InputOutput!$B45="","",InputOutput!AZ45) | AI26: =IF(InputOutput!$B45="","",InputOutput!BA45) | AJ26: =IF(InputOutput!$B45="","",InputOutput!BB45) | AK26: =IF(InputOutput!$B45="","",InputOutput!BC45) | AL26: =IF(InputOutput!$B45="","",InputOutput!BD45) | AM26: =IF(InputOutput!$B45="","",InputOutput!BE45) | AN26: =IF(InputOutput!$B45="","",InputOutput!BF45)
A27: =IF(InputOutput!$B46="","",InputOutput!A46) | B27: =IF(InputOutput!$B46="","",InputOutput!B46) | C27: =IF(InputOutput!$B46="","",InputOutput!C46) | D27: =IF(InputOutput!$B46="","",InputOutput!D46) | E27: =IF(InputOutput!$B46="","",InputOutput!E46) | F27: =IF(InputOutput!$B46="","",InputOutput!F46) | G27: =IF(InputOutput!$B46="","",InputOutput!G46) | H27: =IF(InputOutput!$B46="","",InputOutput!H46) | ... AD27: =IF(InputOutput!$B46="","",InputOutput!AD46) | AE27: =IF(InputOutput!$B46="","",ROUND(InputOutput!AW46,0)) | AF27: =IF(InputOutput!$B46="","",ROUND(InputOutput!AX46,0)) | AG27: =IF(InputOutput!$B46="","",InputOutput!AY46) | AH27: =IF(InputOutput!$B46="","",InputOutput!AZ46) | AI27: =IF(InputOutput!$B46="","",InputOutput!BA46) | AJ27: =IF(InputOutput!$B46="","",InputOutput!BB46) | AK27: =IF(InputOutput!$B46="","",InputOutput!BC46) | AL27: =IF(InputOutput!$B46="","",InputOutput!BD46) | AM27: =IF(InputOutput!$B46="","",InputOutput!BE46) | AN27: =IF(InputOutput!$B46="","",InputOutput!BF46)
A28: =IF(InputOutput!$B47="","",InputOutput!A47) | B28: =IF(InputOutput!$B47="","",InputOutput!B47) | C28: =IF(InputOutput!$B47="","",InputOutput!C47) | D28: =IF(InputOutput!$B47="","",InputOutput!D47) | E28: =IF(InputOutput!$B47="","",InputOutput!E47) | F28: =IF(InputOutput!$B47="","",InputOutput!F47) | G28: =IF(InputOutput!$B47="","",InputOutput!G47) | H28: =IF(InputOutput!$B47="","",InputOutput!H47) | ... AD28: =IF(InputOutput!$B47="","",InputOutput!AD47) | AE28: =IF(InputOutput!$B47="","",ROUND(InputOutput!AW47,0)) | AF28: =IF(InputOutput!$B47="","",ROUND(InputOutput!AX47,0)) | AG28: =IF(InputOutput!$B47="","",InputOutput!AY47) | AH28: =IF(InputOutput!$B47="","",InputOutput!AZ47) | AI28: =IF(InputOutput!$B47="","",InputOutput!BA47) | AJ28: =IF(InputOutput!$B47="","",InputOutput!BB47) | AK28: =IF(InputOutput!$B47="","",InputOutput!BC47) | AL28: =IF(InputOutput!$B47="","",InputOutput!BD47) | AM28: =IF(InputOutput!$B47="","",InputOutput!BE47) | AN28: =IF(InputOutput!$B47="","",InputOutput!BF47)
A29: =IF(InputOutput!$B48="","",InputOutput!A48) -> 48 | B29: =IF(InputOutput!$B48="","",InputOutput!B48) -> 0 | C29: =IF(InputOutput!$B48="","",InputOutput!C48) -> 1 | D29: =IF(InputOutput!$B48="","",InputOutput!D48) -> 1 | E29: =IF(InputOutput!$B48="","",InputOutput!E48) -> 1 | F29: =IF(InputOutput!$B48="","",InputOutput!F48) -> 4 | G29: =IF(InputOutput!$B48="","",InputOutput!G48) -> 0 | H29: =IF(InputOutput!$B48="","",InputOutput!H48) -> 60 | ... AD29: =IF(InputOutput!$B48="","",InputOutput!AD48) -> 1 | AE29: =IF(InputOutput!$B48="","",ROUND(InputOutput!AW48,0)) -> 1564 | AF29: =IF(InputOutput!$B48="","",ROUND(InputOutput!AX48,0)) -> 1086 | AG29: =IF(InputOutput!$B48="","",InputOutput!AY48) -> 500 | AH29: =IF(InputOutput!$B48="","",InputOutput!AZ48) -> SW00101 | AI29: =IF(InputOutput!$B48="","",InputOutput!BA48) -> kk | AJ29: =IF(InputOutput!$B48="","",InputOutput!BB48) -> Bergsko KK 270-110 4D20 SW00101 | AK29: =IF(InputOutput!$B48="","",InputOutput!BC48) -> 70 | AL29: =IF(InputOutput!$B48="","",InputOutput!BD48) -> 265 | AM29: =IF(InputOutput!$B48="","",InputOutput!BE48) -> 60 | AN29: =IF(InputOutput!$B48="","",InputOutput!BF48) -> 0
A30: =IF(InputOutput!$B49="","",InputOutput!A49) -> 49 | B30: =IF(InputOutput!$B49="","",InputOutput!B49) -> 0 | C30: =IF(InputOutput!$B49="","",InputOutput!C49) -> 1 | D30: =IF(InputOutput!$B49="","",InputOutput!D49) -> 0.9 | E30: =IF(InputOutput!$B49="","",InputOutput!E49) -> 1 | F30: =IF(InputOutput!$B49="","",InputOutput!F49) -> 4 | G30: =IF(InputOutput!$B49="","",InputOutput!G49) -> 0 | H30: =IF(InputOutput!$B49="","",InputOutput!H49) -> 60 | ... AD30: =IF(InputOutput!$B49="","",InputOutput!AD49) -> 1 | AE30: =IF(InputOutput!$B49="","",ROUND(InputOutput!AW49,0)) -> 1564 | AF30: =IF(InputOutput!$B49="","",ROUND(InputOutput!AX49,0)) -> 1086 | AG30: =IF(InputOutput!$B49="","",InputOutput!AY49) -> 500 | AH30: =IF(InputOutput!$B49="","",InputOutput!AZ49) -> SW00101 | AI30: =IF(InputOutput!$B49="","",InputOutput!BA49) -> kk | AJ30: =IF(InputOutput!$B49="","",InputOutput!BB49) -> Bergsko KK 270-110 4D20 SW00101 | AK30: =IF(InputOutput!$B49="","",InputOutput!BC49) -> 70 | AL30: =IF(InputOutput!$B49="","",InputOutput!BD49) -> 265 | AM30: =IF(InputOutput!$B49="","",InputOutput!BE49) -> 60 | AN30: =IF(InputOutput!$B49="","",InputOutput!BF49) -> 0
A31: =IF(InputOutput!$B50="","",InputOutput!A50) -> 50 | B31: =IF(InputOutput!$B50="","",InputOutput!B50) -> 0 | C31: =IF(InputOutput!$B50="","",InputOutput!C50) -> 1 | D31: =IF(InputOutput!$B50="","",InputOutput!D50) -> 0.8 | E31: =IF(InputOutput!$B50="","",InputOutput!E50) -> 1 | F31: =IF(InputOutput!$B50="","",InputOutput!F50) -> 4 | G31: =IF(InputOutput!$B50="","",InputOutput!G50) -> 0 | H31: =IF(InputOutput!$B50="","",InputOutput!H50) -> 60 | ... AD31: =IF(InputOutput!$B50="","",InputOutput!AD50) -> 1 | AE31: =IF(InputOutput!$B50="","",ROUND(InputOutput!AW50,0)) -> 1564 | AF31: =IF(InputOutput!$B50="","",ROUND(InputOutput!AX50,0)) -> 1086 | AG31: =IF(InputOutput!$B50="","",InputOutput!AY50) -> 500 | AH31: =IF(InputOutput!$B50="","",InputOutput!AZ50) -> SW00101 | AI31: =IF(InputOutput!$B50="","",InputOutput!BA50) -> kk | AJ31: =IF(InputOutput!$B50="","",InputOutput!BB50) -> Bergsko KK 270-110 4D20 SW00101 | AK31: =IF(InputOutput!$B50="","",InputOutput!BC50) -> 70 | AL31: =IF(InputOutput!$B50="","",InputOutput!BD50) -> 265 | AM31: =IF(InputOutput!$B50="","",InputOutput!BE50) -> 60 | AN31: =IF(InputOutput!$B50="","",InputOutput!BF50) -> 0
A32: =IF(InputOutput!$B51="","",InputOutput!A51) -> 51 | B32: =IF(InputOutput!$B51="","",InputOutput!B51) -> 0 | C32: =IF(InputOutput!$B51="","",InputOutput!C51) -> 0.9 | D32: =IF(InputOutput!$B51="","",InputOutput!D51) -> 1 | E32: =IF(InputOutput!$B51="","",InputOutput!E51) -> 1 | F32: =IF(InputOutput!$B51="","",InputOutput!F51) -> 4 | G32: =IF(InputOutput!$B51="","",InputOutput!G51) -> 0 | H32: =IF(InputOutput!$B51="","",InputOutput!H51) -> 60 | ... AD32: =IF(InputOutput!$B51="","",InputOutput!AD51) -> 1 | AE32: =IF(InputOutput!$B51="","",ROUND(InputOutput!AW51,0)) -> 1452 | AF32: =IF(InputOutput!$B51="","",ROUND(InputOutput!AX51,0)) -> 978 | AG32: =IF(InputOutput!$B51="","",InputOutput!AY51) -> 500 | AH32: =IF(InputOutput!$B51="","",InputOutput!AZ51) -> SW00101 | AI32: =IF(InputOutput!$B51="","",InputOutput!BA51) -> kk | AJ32: =IF(InputOutput!$B51="","",InputOutput!BB51) -> Bergsko KK 270-110 4D20 SW00101 | AK32: =IF(InputOutput!$B51="","",InputOutput!BC51) -> 70 | AL32: =IF(InputOutput!$B51="","",InputOutput!BD51) -> 265 | AM32: =IF(InputOutput!$B51="","",InputOutput!BE51) -> 60 | AN32: =IF(InputOutput!$B51="","",InputOutput!BF51) -> 0
A33: =IF(InputOutput!$B52="","",InputOutput!A52) -> 52 | B33: =IF(InputOutput!$B52="","",InputOutput!B52) -> 0 | C33: =IF(InputOutput!$B52="","",InputOutput!C52) -> 0.9 | D33: =IF(InputOutput!$B52="","",InputOutput!D52) -> 0.9 | E33: =IF(InputOutput!$B52="","",InputOutput!E52) -> 1 | F33: =IF(InputOutput!$B52="","",InputOutput!F52) -> 4 | G33: =IF(InputOutput!$B52="","",InputOutput!G52) -> 0 | H33: =IF(InputOutput!$B52="","",InputOutput!H52) -> 60 | ... AD33: =IF(InputOutput!$B52="","",InputOutput!AD52) -> 1 | AE33: =IF(InputOutput!$B52="","",ROUND(InputOutput!AW52,0)) -> 1452 | AF33: =IF(InputOutput!$B52="","",ROUND(InputOutput!AX52,0)) -> 978 | AG33: =IF(InputOutput!$B52="","",InputOutput!AY52) -> 500 | AH33: =IF(InputOutput!$B52="","",InputOutput!AZ52) -> SW00101 | AI33: =IF(InputOutput!$B52="","",InputOutput!BA52) -> kk | AJ33: =IF(InputOutput!$B52="","",InputOutput!BB52) -> Bergsko KK 270-110 4D20 SW00101 | AK33: =IF(InputOutput!$B52="","",InputOutput!BC52) -> 70 | AL33: =IF(InputOutput!$B52="","",InputOutput!BD52) -> 265 | AM33: =IF(InputOutput!$B52="","",InputOutput!BE52) -> 60 | AN33: =IF(InputOutput!$B52="","",InputOutput!BF52) -> 0
... A649: =IF(InputOutput!$B668="","",InputOutput!A668) -> 668 | B649: =IF(InputOutput!$B668="","",InputOutput!B668) -> 2.4 | C649: =IF(InputOutput!$B668="","",InputOutput!C668) -> 0.8 | D649: =IF(InputOutput!$B668="","",InputOutput!D668) -> 0.8 | E649: =IF(InputOutput!$B668="","",InputOutput!E668) -> 1 | F649: =IF(InputOutput!$B668="","",InputOutput!F668) -> 4 | G649: =IF(InputOutput!$B668="","",InputOutput!G668) -> 0 | H649: =IF(InputOutput!$B668="","",InputOutput!H668) -> 80 | ... AD649: =IF(InputOutput!$B668="","",InputOutput!AD668) -> 1 | AE649: =IF(InputOutput!$B668="","",ROUND(InputOutput!AW668,0)) -> 1732 | AF649: =IF(InputOutput!$B668="","",ROUND(InputOutput!AX668,0)) -> 1029 | AG649: =IF(InputOutput!$B668="","",InputOutput!AY668) -> 500 | AH649: =IF(InputOutput!$B668="","",InputOutput!AZ668) -> SW00213 | AI649: =IF(InputOutput!$B668="","",InputOutput!BA668) -> kk | AJ649: =IF(InputOutput!$B668="","",InputOutput!BB668) -> Bergsko KK 350-180 4D20 SW00213 | AK649: =IF(InputOutput!$B668="","",InputOutput!BC668) -> 70 | AL649: =IF(InputOutput!$B668="","",InputOutput!BD668) -> 345 | AM649: =IF(InputOutput!$B668="","",InputOutput!BE668) -> 50 | AN649: =IF(InputOutput!$B668="","",InputOutput!BF668) -> 120
A650: =IF(InputOutput!#REF!="","",InputOutput!#REF!) -> #REF! | B650: =IF(InputOutput!#REF!="","",InputOutput!#REF!) -> #REF! | C650: =IF(InputOutput!#REF!="","",InputOutput!#REF!) -> #REF! | D650: =IF(InputOutput!#REF!="","",InputOutput!#REF!) -> #REF! | E650: =IF(InputOutput!#REF!="","",InputOutput!#REF!) -> #REF! | F650: =IF(InputOutput!#REF!="","",InputOutput!#REF!) -> #REF! | G650: =IF(InputOutput!#REF!="","",InputOutput!#REF!) -> #REF! | H650: =IF(InputOutput!#REF!="","",InputOutput!#REF!) -> #REF! | ... AD650: =IF(InputOutput!#REF!="","",InputOutput!#REF!) -> #REF! | AE650: =IF(InputOutput!#REF!="","",ROUND(InputOutput!#REF!,0)) -> #REF! | AF650: =IF(InputOutput!#REF!="","",ROUND(InputOutput!#REF!,0)) -> #REF! | AG650: =IF(InputOutput!#REF!="","",InputOutput!#REF!) -> #REF! | AH650: =IF(InputOutput!#REF!="","",InputOutput!#REF!) -> #REF! | AI650: =IF(InputOutput!#REF!="","",InputOutput!#REF!) -> #REF! | AJ650: =IF(InputOutput!#REF!="","",InputOutput!#REF!) -> #REF! | AK650: =IF(InputOutput!#REF!="","",InputOutput!#REF!) -> #REF! | AL650: =IF(InputOutput!#REF!="","",InputOutput!#REF!) -> #REF! | AM650: =IF(InputOutput!#REF!="","",InputOutput!#REF!) -> #REF! | AN650: =IF(InputOutput!#REF!="","",InputOutput!#REF!) -> #REF!
A651: =IF(InputOutput!#REF!="","",InputOutput!#REF!) -> #REF! | B651: =IF(InputOutput!#REF!="","",InputOutput!#REF!) -> #REF! | C651: =IF(InputOutput!#REF!="","",InputOutput!#REF!) -> #REF! | D651: =IF(InputOutput!#REF!="","",InputOutput!#REF!) -> #REF! | E651: =IF(InputOutput!#REF!="","",InputOutput!#REF!) -> #REF! | F651: =IF(InputOutput!#REF!="","",InputOutput!#REF!) -> #REF! | G651: =IF(InputOutput!#REF!="","",InputOutput!#REF!) -> #REF! | H651: =IF(InputOutput!#REF!="","",InputOutput!#REF!) -> #REF! | ... AD651: =IF(InputOutput!#REF!="","",InputOutput!#REF!) -> #REF! | AE651: =IF(InputOutput!#REF!="","",ROUND(InputOutput!#REF!,0)) -> #REF! | AF651: =IF(InputOutput!#REF!="","",ROUND(InputOutput!#REF!,0)) -> #REF! | AG651: =IF(InputOutput!#REF!="","",InputOutput!#REF!) -> #REF! | AH651: =IF(InputOutput!#REF!="","",InputOutput!#REF!) -> #REF! | AI651: =IF(InputOutput!#REF!="","",InputOutput!#REF!) -> #REF! | AJ651: =IF(InputOutput!#REF!="","",InputOutput!#REF!) -> #REF! | AK651: =IF(InputOutput!#REF!="","",InputOutput!#REF!) -> #REF! | AL651: =IF(InputOutput!#REF!="","",InputOutput!#REF!) -> #REF! | AM651: =IF(InputOutput!#REF!="","",InputOutput!#REF!) -> #REF! | AN651: =IF(InputOutput!#REF!="","",InputOutput!#REF!) -> #REF!
A652: =IF(InputOutput!#REF!="","",InputOutput!#REF!) -> #REF! | B652: =IF(InputOutput!#REF!="","",InputOutput!#REF!) -> #REF! | C652: =IF(InputOutput!#REF!="","",InputOutput!#REF!) -> #REF! | D652: =IF(InputOutput!#REF!="","",InputOutput!#REF!) -> #REF! | E652: =IF(InputOutput!#REF!="","",InputOutput!#REF!) -> #REF! | F652: =IF(InputOutput!#REF!="","",InputOutput!#REF!) -> #REF! | G652: =IF(InputOutput!#REF!="","",InputOutput!#REF!) -> #REF! | H652: =IF(InputOutput!#REF!="","",InputOutput!#REF!) -> #REF! | ... AD652: =IF(InputOutput!#REF!="","",InputOutput!#REF!) -> #REF! | AE652: =IF(InputOutput!#REF!="","",ROUND(InputOutput!#REF!,0)) -> #REF! | AF652: =IF(InputOutput!#REF!="","",ROUND(InputOutput!#REF!,0)) -> #REF! | AG652: =IF(InputOutput!#REF!="","",InputOutput!#REF!) -> #REF! | AH652: =IF(InputOutput!#REF!="","",InputOutput!#REF!) -> #REF! | AI652: =IF(InputOutput!#REF!="","",InputOutput!#REF!) -> #REF! | AJ652: =IF(InputOutput!#REF!="","",InputOutput!#REF!) -> #REF! | AK652: =IF(InputOutput!#REF!="","",InputOutput!#REF!) -> #REF! | AL652: =IF(InputOutput!#REF!="","",InputOutput!#REF!) -> #REF! | AM652: =IF(InputOutput!#REF!="","",InputOutput!#REF!) -> #REF! | AN652: =IF(InputOutput!#REF!="","",InputOutput!#REF!) -> #REF!
A653: =IF(InputOutput!#REF!="","",InputOutput!#REF!) -> #REF! | B653: =IF(InputOutput!#REF!="","",InputOutput!#REF!) -> #REF! | C653: =IF(InputOutput!#REF!="","",InputOutput!#REF!) -> #REF! | D653: =IF(InputOutput!#REF!="","",InputOutput!#REF!) -> #REF! | E653: =IF(InputOutput!#REF!="","",InputOutput!#REF!) -> #REF! | F653: =IF(InputOutput!#REF!="","",InputOutput!#REF!) -> #REF! | G653: =IF(InputOutput!#REF!="","",InputOutput!#REF!) -> #REF! | H653: =IF(InputOutput!#REF!="","",InputOutput!#REF!) -> #REF! | ... AD653: =IF(InputOutput!#REF!="","",InputOutput!#REF!) -> #REF! | AE653: =IF(InputOutput!#REF!="","",ROUND(InputOutput!#REF!,0)) -> #REF! | AF653: =IF(InputOutput!#REF!="","",ROUND(InputOutput!#REF!,0)) -> #REF! | AG653: =IF(InputOutput!#REF!="","",InputOutput!#REF!) -> #REF! | AH653: =IF(InputOutput!#REF!="","",InputOutput!#REF!) -> #REF! | AI653: =IF(InputOutput!#REF!="","",InputOutput!#REF!) -> #REF! | AJ653: =IF(InputOutput!#REF!="","",InputOutput!#REF!) -> #REF! | AK653: =IF(InputOutput!#REF!="","",InputOutput!#REF!) -> #REF! | AL653: =IF(InputOutput!#REF!="","",InputOutput!#REF!) -> #REF! | AM653: =IF(InputOutput!#REF!="","",InputOutput!#REF!) -> #REF! | AN653: =IF(InputOutput!#REF!="","",InputOutput!#REF!) -> #REF!
A654: =IF(InputOutput!#REF!="","",InputOutput!#REF!) -> #REF! | B654: =IF(InputOutput!#REF!="","",InputOutput!#REF!) -> #REF! | C654: =IF(InputOutput!#REF!="","",InputOutput!#REF!) -> #REF! | D654: =IF(InputOutput!#REF!="","",InputOutput!#REF!) -> #REF! | E654: =IF(InputOutput!#REF!="","",InputOutput!#REF!) -> #REF! | F654: =IF(InputOutput!#REF!="","",InputOutput!#REF!) -> #REF! | G654: =IF(InputOutput!#REF!="","",InputOutput!#REF!) -> #REF! | H654: =IF(InputOutput!#REF!="","",InputOutput!#REF!) -> #REF! | ... AD654: =IF(InputOutput!#REF!="","",InputOutput!#REF!) -> #REF! | AE654: =IF(InputOutput!#REF!="","",ROUND(InputOutput!#REF!,0)) -> #REF! | AF654: =IF(InputOutput!#REF!="","",ROUND(InputOutput!#REF!,0)) -> #REF! | AG654: =IF(InputOutput!#REF!="","",InputOutput!#REF!) -> #REF! | AH654: =IF(InputOutput!#REF!="","",InputOutput!#REF!) -> #REF! | AI654: =IF(InputOutput!#REF!="","",InputOutput!#REF!) -> #REF! | AJ654: =IF(InputOutput!#REF!="","",InputOutput!#REF!) -> #REF! | AK654: =IF(InputOutput!#REF!="","",InputOutput!#REF!) -> #REF! | AL654: =IF(InputOutput!#REF!="","",InputOutput!#REF!) -> #REF! | AM654: =IF(InputOutput!#REF!="","",InputOutput!#REF!) -> #REF! | AN654: =IF(InputOutput!#REF!="","",InputOutput!#REF!) -> #REF!
A655: =IF(InputOutput!#REF!="","",InputOutput!#REF!) -> #REF! | B655: =IF(InputOutput!#REF!="","",InputOutput!#REF!) -> #REF! | C655: =IF(InputOutput!#REF!="","",InputOutput!#REF!) -> #REF! | D655: =IF(InputOutput!#REF!="","",InputOutput!#REF!) -> #REF! | E655: =IF(InputOutput!#REF!="","",InputOutput!#REF!) -> #REF! | F655: =IF(InputOutput!#REF!="","",InputOutput!#REF!) -> #REF! | G655: =IF(InputOutput!#REF!="","",InputOutput!#REF!) -> #REF! | H655: =IF(InputOutput!#REF!="","",InputOutput!#REF!) -> #REF! | ... AD655: =IF(InputOutput!#REF!="","",InputOutput!#REF!) -> #REF! | AE655: =IF(InputOutput!#REF!="","",ROUND(InputOutput!#REF!,0)) -> #REF! | AF655: =IF(InputOutput!#REF!="","",ROUND(InputOutput!#REF!,0)) -> #REF! | AG655: =IF(InputOutput!#REF!="","",InputOutput!#REF!) -> #REF! | AH655: =IF(InputOutput!#REF!="","",InputOutput!#REF!) -> #REF! | AI655: =IF(InputOutput!#REF!="","",InputOutput!#REF!) -> #REF! | AJ655: =IF(InputOutput!#REF!="","",InputOutput!#REF!) -> #REF! | AK655: =IF(InputOutput!#REF!="","",InputOutput!#REF!) -> #REF! | AL655: =IF(InputOutput!#REF!="","",InputOutput!#REF!) -> #REF! | AM655: =IF(InputOutput!#REF!="","",InputOutput!#REF!) -> #REF! | AN655: =IF(InputOutput!#REF!="","",InputOutput!#REF!) -> #REF!
A656: =IF(InputOutput!#REF!="","",InputOutput!#REF!) -> #REF! | B656: =IF(InputOutput!#REF!="","",InputOutput!#REF!) -> #REF! | C656: =IF(InputOutput!#REF!="","",InputOutput!#REF!) -> #REF! | D656: =IF(InputOutput!#REF!="","",InputOutput!#REF!) -> #REF! | E656: =IF(InputOutput!#REF!="","",InputOutput!#REF!) -> #REF! | F656: =IF(InputOutput!#REF!="","",InputOutput!#REF!) -> #REF! | G656: =IF(InputOutput!#REF!="","",InputOutput!#REF!) -> #REF! | H656: =IF(InputOutput!#REF!="","",InputOutput!#REF!) -> #REF! | ... AD656: =IF(InputOutput!#REF!="","",InputOutput!#REF!) -> #REF! | AE656: =IF(InputOutput!#REF!="","",ROUND(InputOutput!#REF!,0)) -> #REF! | AF656: =IF(InputOutput!#REF!="","",ROUND(InputOutput!#REF!,0)) -> #REF! | AG656: =IF(InputOutput!#REF!="","",InputOutput!#REF!) -> #REF! | AH656: =IF(InputOutput!#REF!="","",InputOutput!#REF!) -> #REF! | AI656: =IF(InputOutput!#REF!="","",InputOutput!#REF!) -> #REF! | AJ656: =IF(InputOutput!#REF!="","",InputOutput!#REF!) -> #REF! | AK656: =IF(InputOutput!#REF!="","",InputOutput!#REF!) -> #REF! | AL656: =IF(InputOutput!#REF!="","",InputOutput!#REF!) -> #REF! | AM656: =IF(InputOutput!#REF!="","",InputOutput!#REF!) -> #REF! | AN656: =IF(InputOutput!#REF!="","",InputOutput!#REF!) -> #REF!
A657: =IF(InputOutput!#REF!="","",InputOutput!#REF!) -> #REF! | B657: =IF(InputOutput!#REF!="","",InputOutput!#REF!) -> #REF! | C657: =IF(InputOutput!#REF!="","",InputOutput!#REF!) -> #REF! | D657: =IF(InputOutput!#REF!="","",InputOutput!#REF!) -> #REF! | E657: =IF(InputOutput!#REF!="","",InputOutput!#REF!) -> #REF! | F657: =IF(InputOutput!#REF!="","",InputOutput!#REF!) -> #REF! | G657: =IF(InputOutput!#REF!="","",InputOutput!#REF!) -> #REF! | H657: =IF(InputOutput!#REF!="","",InputOutput!#REF!) -> #REF! | ... AD657: =IF(InputOutput!#REF!="","",InputOutput!#REF!) -> #REF! | AE657: =IF(InputOutput!#REF!="","",ROUND(InputOutput!#REF!,0)) -> #REF! | AF657: =IF(InputOutput!#REF!="","",ROUND(InputOutput!#REF!,0)) -> #REF! | AG657: =IF(InputOutput!#REF!="","",InputOutput!#REF!) -> #REF! | AH657: =IF(InputOutput!#REF!="","",InputOutput!#REF!) -> #REF! | AI657: =IF(InputOutput!#REF!="","",InputOutput!#REF!) -> #REF! | AJ657: =IF(InputOutput!#REF!="","",InputOutput!#REF!) -> #REF! | AK657: =IF(InputOutput!#REF!="","",InputOutput!#REF!) -> #REF! | AL657: =IF(InputOutput!#REF!="","",InputOutput!#REF!) -> #REF! | AM657: =IF(InputOutput!#REF!="","",InputOutput!#REF!) -> #REF! | AN657: =IF(InputOutput!#REF!="","",InputOutput!#REF!) -> #REF!
A658: =IF(InputOutput!#REF!="","",InputOutput!#REF!) -> #REF! | B658: =IF(InputOutput!#REF!="","",InputOutput!#REF!) -> #REF! | C658: =IF(InputOutput!#REF!="","",InputOutput!#REF!) -> #REF! | D658: =IF(InputOutput!#REF!="","",InputOutput!#REF!) -> #REF! | E658: =IF(InputOutput!#REF!="","",InputOutput!#REF!) -> #REF! | F658: =IF(InputOutput!#REF!="","",InputOutput!#REF!) -> #REF! | G658: =IF(InputOutput!#REF!="","",InputOutput!#REF!) -> #REF! | H658: =IF(InputOutput!#REF!="","",InputOutput!#REF!) -> #REF! | ... AD658: =IF(InputOutput!#REF!="","",InputOutput!#REF!) -> #REF! | AE658: =IF(InputOutput!#REF!="","",ROUND(InputOutput!#REF!,0)) -> #REF! | AF658: =IF(InputOutput!#REF!="","",ROUND(InputOutput!#REF!,0)) -> #REF! | AG658: =IF(InputOutput!#REF!="","",InputOutput!#REF!) -> #REF! | AH658: =IF(InputOutput!#REF!="","",InputOutput!#REF!) -> #REF! | AI658: =IF(InputOutput!#REF!="","",InputOutput!#REF!) -> #REF! | AJ658: =IF(InputOutput!#REF!="","",InputOutput!#REF!) -> #REF! | AK658: =IF(InputOutput!#REF!="","",InputOutput!#REF!) -> #REF! | AL658: =IF(InputOutput!#REF!="","",InputOutput!#REF!) -> #REF! | AM658: =IF(InputOutput!#REF!="","",InputOutput!#REF!) -> #REF! | AN658: =IF(InputOutput!#REF!="","",InputOutput!#REF!) -> #REF!
A659: =IF(InputOutput!#REF!="","",InputOutput!#REF!) -> #REF! | B659: =IF(InputOutput!#REF!="","",InputOutput!#REF!) -> #REF! | C659: =IF(InputOutput!#REF!="","",InputOutput!#REF!) -> #REF! | D659: =IF(InputOutput!#REF!="","",InputOutput!#REF!) -> #REF! | E659: =IF(InputOutput!#REF!="","",InputOutput!#REF!) -> #REF! | F659: =IF(InputOutput!#REF!="","",InputOutput!#REF!) -> #REF! | G659: =IF(InputOutput!#REF!="","",InputOutput!#REF!) -> #REF! | H659: =IF(InputOutput!#REF!="","",InputOutput!#REF!) -> #REF! | ... AD659: =IF(InputOutput!#REF!="","",InputOutput!#REF!) -> #REF! | AE659: =IF(InputOutput!#REF!="","",ROUND(InputOutput!#REF!,0)) -> #REF! | AF659: =IF(InputOutput!#REF!="","",ROUND(InputOutput!#REF!,0)) -> #REF! | AG659: =IF(InputOutput!#REF!="","",InputOutput!#REF!) -> #REF! | AH659: =IF(InputOutput!#REF!="","",InputOutput!#REF!) -> #REF! | AI659: =IF(InputOutput!#REF!="","",InputOutput!#REF!) -> #REF! | AJ659: =IF(InputOutput!#REF!="","",InputOutput!#REF!) -> #REF! | AK659: =IF(InputOutput!#REF!="","",InputOutput!#REF!) -> #REF! | AL659: =IF(InputOutput!#REF!="","",InputOutput!#REF!) -> #REF! | AM659: =IF(InputOutput!#REF!="","",InputOutput!#REF!) -> #REF! | AN659: =IF(InputOutput!#REF!="","",InputOutput!#REF!) -> #REF!
A660: =IF(InputOutput!#REF!="","",InputOutput!#REF!) -> #REF! | B660: =IF(InputOutput!#REF!="","",InputOutput!#REF!) -> #REF! | C660: =IF(InputOutput!#REF!="","",InputOutput!#REF!) -> #REF! | D660: =IF(InputOutput!#REF!="","",InputOutput!#REF!) -> #REF! | E660: =IF(InputOutput!#REF!="","",InputOutput!#REF!) -> #REF! | F660: =IF(InputOutput!#REF!="","",InputOutput!#REF!) -> #REF! | G660: =IF(InputOutput!#REF!="","",InputOutput!#REF!) -> #REF! | H660: =IF(InputOutput!#REF!="","",InputOutput!#REF!) -> #REF! | ... AD660: =IF(InputOutput!#REF!="","",InputOutput!#REF!) -> #REF! | AE660: =IF(InputOutput!#REF!="","",ROUND(InputOutput!#REF!,0)) -> #REF! | AF660: =IF(InputOutput!#REF!="","",ROUND(InputOutput!#REF!,0)) -> #REF! | AG660: =IF(InputOutput!#REF!="","",InputOutput!#REF!) -> #REF! | AH660: =IF(InputOutput!#REF!="","",InputOutput!#REF!) -> #REF! | AI660: =IF(InputOutput!#REF!="","",InputOutput!#REF!) -> #REF! | AJ660: =IF(InputOutput!#REF!="","",InputOutput!#REF!) -> #REF! | AK660: =IF(InputOutput!#REF!="","",InputOutput!#REF!) -> #REF! | AL660: =IF(InputOutput!#REF!="","",InputOutput!#REF!) -> #REF! | AM660: =IF(InputOutput!#REF!="","",InputOutput!#REF!) -> #REF! | AN660: =IF(InputOutput!#REF!="","",InputOutput!#REF!) -> #REF!
A661: =IF(InputOutput!#REF!="","",InputOutput!#REF!) -> #REF! | B661: =IF(InputOutput!#REF!="","",InputOutput!#REF!) -> #REF! | C661: =IF(InputOutput!#REF!="","",InputOutput!#REF!) -> #REF! | D661: =IF(InputOutput!#REF!="","",InputOutput!#REF!) -> #REF! | E661: =IF(InputOutput!#REF!="","",InputOutput!#REF!) -> #REF! | F661: =IF(InputOutput!#REF!="","",InputOutput!#REF!) -> #REF! | G661: =IF(InputOutput!#REF!="","",InputOutput!#REF!) -> #REF! | H661: =IF(InputOutput!#REF!="","",InputOutput!#REF!) -> #REF! | ... AD661: =IF(InputOutput!#REF!="","",InputOutput!#REF!) -> #REF! | AE661: =IF(InputOutput!#REF!="","",ROUND(InputOutput!#REF!,0)) -> #REF! | AF661: =IF(InputOutput!#REF!="","",ROUND(InputOutput!#REF!,0)) -> #REF! | AG661: =IF(InputOutput!#REF!="","",InputOutput!#REF!) -> #REF! | AH661: =IF(InputOutput!#REF!="","",InputOutput!#REF!) -> #REF! | AI661: =IF(InputOutput!#REF!="","",InputOutput!#REF!) -> #REF! | AJ661: =IF(InputOutput!#REF!="","",InputOutput!#REF!) -> #REF! | AK661: =IF(InputOutput!#REF!="","",InputOutput!#REF!) -> #REF! | AL661: =IF(InputOutput!#REF!="","",InputOutput!#REF!) -> #REF! | AM661: =IF(InputOutput!#REF!="","",InputOutput!#REF!) -> #REF! | AN661: =IF(InputOutput!#REF!="","",InputOutput!#REF!) -> #REF!
... A684: =IF(InputOutput!#REF!="","",InputOutput!#REF!) -> #REF! | B684: =IF(InputOutput!#REF!="","",InputOutput!#REF!) -> #REF! | C684: =IF(InputOutput!#REF!="","",InputOutput!#REF!) -> #REF! | D684: =IF(InputOutput!#REF!="","",InputOutput!#REF!) -> #REF! | E684: =IF(InputOutput!#REF!="","",InputOutput!#REF!) -> #REF! | F684: =IF(InputOutput!#REF!="","",InputOutput!#REF!) -> #REF! | G684: =IF(InputOutput!#REF!="","",InputOutput!#REF!) -> #REF! | H684: =IF(InputOutput!#REF!="","",InputOutput!#REF!) -> #REF! | ... AD684: =IF(InputOutput!#REF!="","",InputOutput!#REF!) -> #REF! | AE684: =IF(InputOutput!#REF!="","",ROUND(InputOutput!#REF!,0)) -> #REF! | AF684: =IF(InputOutput!#REF!="","",ROUND(InputOutput!#REF!,0)) -> #REF! | AG684: =IF(InputOutput!#REF!="","",InputOutput!#REF!) -> #REF! | AH684: =IF(InputOutput!#REF!="","",InputOutput!#REF!) -> #REF! | AI684: =IF(InputOutput!#REF!="","",InputOutput!#REF!) -> #REF! | AJ684: =IF(InputOutput!#REF!="","",InputOutput!#REF!) -> #REF! | AK684: =IF(InputOutput!#REF!="","",InputOutput!#REF!) -> #REF! | AL684: =IF(InputOutput!#REF!="","",InputOutput!#REF!) -> #REF! | AM684: =IF(InputOutput!#REF!="","",InputOutput!#REF!) -> #REF! | AN684: =IF(InputOutput!#REF!="","",InputOutput!#REF!) -> #REF!
A685: =IF(InputOutput!$B677="","",InputOutput!A677) | B685: =IF(InputOutput!$B677="","",InputOutput!B677) | C685: =IF(InputOutput!$B677="","",InputOutput!C677) | D685: =IF(InputOutput!$B677="","",InputOutput!D677) | E685: =IF(InputOutput!$B677="","",InputOutput!E677) | F685: =IF(InputOutput!$B677="","",InputOutput!F677) | G685: =IF(InputOutput!$B677="","",InputOutput!G677) | H685: =IF(InputOutput!$B677="","",InputOutput!H677) | ... AD685: =IF(InputOutput!$B677="","",InputOutput!AD677) | AE685: =IF(InputOutput!$B677="","",ROUND(InputOutput!AW677,0)) | AF685: =IF(InputOutput!$B677="","",ROUND(InputOutput!AX677,0)) | AG685: =IF(InputOutput!$B677="","",InputOutput!AY677) | AH685: =IF(InputOutput!$B677="","",InputOutput!AZ677) | AI685: =IF(InputOutput!$B677="","",InputOutput!#REF!) | AJ685: =IF(InputOutput!$B677="","",InputOutput!#REF!) | AK685: =IF(InputOutput!$B677="","",InputOutput!#REF!) | AL685: =IF(InputOutput!$B677="","",InputOutput!#REF!) | AM685: =IF(InputOutput!$B677="","",InputOutput!BE677) | AN685: =IF(InputOutput!$B677="","",InputOutput!BF677)
A686: =IF(InputOutput!$B678="","",InputOutput!A678) | B686: =IF(InputOutput!$B678="","",InputOutput!B678) | C686: =IF(InputOutput!$B678="","",InputOutput!C678) | D686: =IF(InputOutput!$B678="","",InputOutput!D678) | E686: =IF(InputOutput!$B678="","",InputOutput!E678) | F686: =IF(InputOutput!$B678="","",InputOutput!F678) | G686: =IF(InputOutput!$B678="","",InputOutput!G678) | H686: =IF(InputOutput!$B678="","",InputOutput!H678) | ... AD686: =IF(InputOutput!$B678="","",InputOutput!AD678) | AE686: =IF(InputOutput!$B678="","",ROUND(InputOutput!AW678,0)) | AF686: =IF(InputOutput!$B678="","",ROUND(InputOutput!AX678,0)) | AG686: =IF(InputOutput!$B678="","",InputOutput!AY678) | AH686: =IF(InputOutput!$B678="","",InputOutput!AZ678) | AI686: =IF(InputOutput!$B678="","",InputOutput!#REF!) | AJ686: =IF(InputOutput!$B678="","",InputOutput!#REF!) | AK686: =IF(InputOutput!$B678="","",InputOutput!#REF!) | AL686: =IF(InputOutput!$B678="","",InputOutput!#REF!) | AM686: =IF(InputOutput!$B678="","",InputOutput!BE678) | AN686: =IF(InputOutput!$B678="","",InputOutput!BF678)
A687: =IF(InputOutput!$B679="","",InputOutput!A679) | B687: =IF(InputOutput!$B679="","",InputOutput!B679) | C687: =IF(InputOutput!$B679="","",InputOutput!C679) | D687: =IF(InputOutput!$B679="","",InputOutput!D679) | E687: =IF(InputOutput!$B679="","",InputOutput!E679) | F687: =IF(InputOutput!$B679="","",InputOutput!F679) | G687: =IF(InputOutput!$B679="","",InputOutput!G679) | H687: =IF(InputOutput!$B679="","",InputOutput!H679) | ... AD687: =IF(InputOutput!$B679="","",InputOutput!AD679) | AE687: =IF(InputOutput!$B679="","",ROUND(InputOutput!AW679,0)) | AF687: =IF(InputOutput!$B679="","",ROUND(InputOutput!AX679,0)) | AG687: =IF(InputOutput!$B679="","",InputOutput!AY679) | AH687: =IF(InputOutput!$B679="","",InputOutput!AZ679) | AI687: =IF(InputOutput!$B679="","",InputOutput!#REF!) | AJ687: =IF(InputOutput!$B679="","",InputOutput!#REF!) | AK687: =IF(InputOutput!$B679="","",InputOutput!#REF!) | AL687: =IF(InputOutput!$B679="","",InputOutput!#REF!) | AM687: =IF(InputOutput!$B679="","",InputOutput!BE679) | AN687: =IF(InputOutput!$B679="","",InputOutput!BF679)
A688: =IF(InputOutput!$B680="","",InputOutput!A680) | B688: =IF(InputOutput!$B680="","",InputOutput!B680) | C688: =IF(InputOutput!$B680="","",InputOutput!C680) | D688: =IF(InputOutput!$B680="","",InputOutput!D680) | E688: =IF(InputOutput!$B680="","",InputOutput!E680) | F688: =IF(InputOutput!$B680="","",InputOutput!F680) | G688: =IF(InputOutput!$B680="","",InputOutput!G680) | H688: =IF(InputOutput!$B680="","",InputOutput!H680) | ... AD688: =IF(InputOutput!$B680="","",InputOutput!AD680) | AE688: =IF(InputOutput!$B680="","",ROUND(InputOutput!AW680,0)) | AF688: =IF(InputOutput!$B680="","",ROUND(InputOutput!AX680,0)) | AG688: =IF(InputOutput!$B680="","",InputOutput!AY680) | AH688: =IF(InputOutput!$B680="","",InputOutput!AZ680) | AI688: =IF(InputOutput!$B680="","",InputOutput!#REF!) | AJ688: =IF(InputOutput!$B680="","",InputOutput!#REF!) | AK688: =IF(InputOutput!$B680="","",InputOutput!#REF!) | AL688: =IF(InputOutput!$B680="","",InputOutput!#REF!) | AM688: =IF(InputOutput!$B680="","",InputOutput!BE680) | AN688: =IF(InputOutput!$B680="","",InputOutput!BF680)
A689: =IF(InputOutput!$B681="","",InputOutput!A681) | B689: =IF(InputOutput!$B681="","",InputOutput!B681) | C689: =IF(InputOutput!$B681="","",InputOutput!C681) | D689: =IF(InputOutput!$B681="","",InputOutput!D681) | E689: =IF(InputOutput!$B681="","",InputOutput!E681) | F689: =IF(InputOutput!$B681="","",InputOutput!F681) | G689: =IF(InputOutput!$B681="","",InputOutput!G681) | H689: =IF(InputOutput!$B681="","",InputOutput!H681) | ... AD689: =IF(InputOutput!$B681="","",InputOutput!AD681) | AE689: =IF(InputOutput!$B681="","",ROUND(InputOutput!AW681,0)) | AF689: =IF(InputOutput!$B681="","",ROUND(InputOutput!AX681,0)) | AG689: =IF(InputOutput!$B681="","",InputOutput!AY681) | AH689: =IF(InputOutput!$B681="","",InputOutput!AZ681) | AI689: =IF(InputOutput!$B681="","",InputOutput!#REF!) | AJ689: =IF(InputOutput!$B681="","",InputOutput!#REF!) | AK689: =IF(InputOutput!$B681="","",InputOutput!#REF!) | AL689: =IF(InputOutput!$B681="","",InputOutput!#REF!) | AM689: =IF(InputOutput!$B681="","",InputOutput!BE681) | AN689: =IF(InputOutput!$B681="","",InputOutput!BF681)
A690: =IF(InputOutput!$B682="","",InputOutput!A682) | B690: =IF(InputOutput!$B682="","",InputOutput!B682) | C690: =IF(InputOutput!$B682="","",InputOutput!C682) | D690: =IF(InputOutput!$B682="","",InputOutput!D682) | E690: =IF(InputOutput!$B682="","",InputOutput!E682) | F690: =IF(InputOutput!$B682="","",InputOutput!F682) | G690: =IF(InputOutput!$B682="","",InputOutput!G682) | H690: =IF(InputOutput!$B682="","",InputOutput!H682) | ... AD690: =IF(InputOutput!$B682="","",InputOutput!AD682) | AE690: =IF(InputOutput!$B682="","",ROUND(InputOutput!AW682,0)) | AF690: =IF(InputOutput!$B682="","",ROUND(InputOutput!AX682,0)) | AG690: =IF(InputOutput!$B682="","",InputOutput!AY682) | AH690: =IF(InputOutput!$B682="","",InputOutput!AZ682) | AI690: =IF(InputOutput!$B682="","",InputOutput!#REF!) | AJ690: =IF(InputOutput!$B682="","",InputOutput!#REF!) | AK690: =IF(InputOutput!$B682="","",InputOutput!#REF!) | AL690: =IF(InputOutput!$B682="","",InputOutput!#REF!) | AM690: =IF(InputOutput!$B682="","",InputOutput!BE682) | AN690: =IF(InputOutput!$B682="","",InputOutput!BF682)
A691: =IF(InputOutput!$B683="","",InputOutput!A683) | B691: =IF(InputOutput!$B683="","",InputOutput!B683) | C691: =IF(InputOutput!$B683="","",InputOutput!C683) | D691: =IF(InputOutput!$B683="","",InputOutput!D683) | E691: =IF(InputOutput!$B683="","",InputOutput!E683) | F691: =IF(InputOutput!$B683="","",InputOutput!F683) | G691: =IF(InputOutput!$B683="","",InputOutput!G683) | H691: =IF(InputOutput!$B683="","",InputOutput!H683) | ... AD691: =IF(InputOutput!$B683="","",InputOutput!AD683) | AE691: =IF(InputOutput!$B683="","",ROUND(InputOutput!AW683,0)) | AF691: =IF(InputOutput!$B683="","",ROUND(InputOutput!AX683,0)) | AG691: =IF(InputOutput!$B683="","",InputOutput!AY683) | AH691: =IF(InputOutput!$B683="","",InputOutput!AZ683) | AI691: =IF(InputOutput!$B683="","",InputOutput!#REF!) | AJ691: =IF(InputOutput!$B683="","",InputOutput!#REF!) | AK691: =IF(InputOutput!$B683="","",InputOutput!#REF!) | AL691: =IF(InputOutput!$B683="","",InputOutput!#REF!) | AM691: =IF(InputOutput!$B683="","",InputOutput!BE683) | AN691: =IF(InputOutput!$B683="","",InputOutput!BF683)
A692: =IF(InputOutput!$B684="","",InputOutput!A684) | B692: =IF(InputOutput!$B684="","",InputOutput!B684) | C692: =IF(InputOutput!$B684="","",InputOutput!C684) | D692: =IF(InputOutput!$B684="","",InputOutput!D684) | E692: =IF(InputOutput!$B684="","",InputOutput!E684) | F692: =IF(InputOutput!$B684="","",InputOutput!F684) | G692: =IF(InputOutput!$B684="","",InputOutput!G684) | H692: =IF(InputOutput!$B684="","",InputOutput!H684) | ... AD692: =IF(InputOutput!$B684="","",InputOutput!AD684) | AE692: =IF(InputOutput!$B684="","",ROUND(InputOutput!AW684,0)) | AF692: =IF(InputOutput!$B684="","",ROUND(InputOutput!AX684,0)) | AG692: =IF(InputOutput!$B684="","",InputOutput!AY684) | AH692: =IF(InputOutput!$B684="","",InputOutput!AZ684) | AI692: =IF(InputOutput!$B684="","",InputOutput!#REF!) | AJ692: =IF(InputOutput!$B684="","",InputOutput!#REF!) | AK692: =IF(InputOutput!$B684="","",InputOutput!#REF!) | AL692: =IF(InputOutput!$B684="","",InputOutput!#REF!) | AM692: =IF(InputOutput!$B684="","",InputOutput!BE684) | AN692: =IF(InputOutput!$B684="","",InputOutput!BF684)
A693: =IF(InputOutput!$B685="","",InputOutput!A685) | B693: =IF(InputOutput!$B685="","",InputOutput!B685) | C693: =IF(InputOutput!$B685="","",InputOutput!C685) | D693: =IF(InputOutput!$B685="","",InputOutput!D685) | E693: =IF(InputOutput!$B685="","",InputOutput!E685) | F693: =IF(InputOutput!$B685="","",InputOutput!F685) | G693: =IF(InputOutput!$B685="","",InputOutput!G685) | H693: =IF(InputOutput!$B685="","",InputOutput!H685) | ... AD693: =IF(InputOutput!$B685="","",InputOutput!AD685) | AE693: =IF(InputOutput!$B685="","",ROUND(InputOutput!AW685,0)) | AF693: =IF(InputOutput!$B685="","",ROUND(InputOutput!AX685,0)) | AG693: =IF(InputOutput!$B685="","",InputOutput!AY685) | AH693: =IF(InputOutput!$B685="","",InputOutput!AZ685) | AI693: =IF(InputOutput!$B685="","",InputOutput!#REF!) | AJ693: =IF(InputOutput!$B685="","",InputOutput!#REF!) | AK693: =IF(InputOutput!$B685="","",InputOutput!#REF!) | AL693: =IF(InputOutput!$B685="","",InputOutput!#REF!) | AM693: =IF(InputOutput!$B685="","",InputOutput!BE685) | AN693: =IF(InputOutput!$B685="","",InputOutput!BF685)
A694: =IF(InputOutput!$B686="","",InputOutput!A686) | B694: =IF(InputOutput!$B686="","",InputOutput!B686) | C694: =IF(InputOutput!$B686="","",InputOutput!C686) | D694: =IF(InputOutput!$B686="","",InputOutput!D686) | E694: =IF(InputOutput!$B686="","",InputOutput!E686) | F694: =IF(InputOutput!$B686="","",InputOutput!F686) | G694: =IF(InputOutput!$B686="","",InputOutput!G686) | H694: =IF(InputOutput!$B686="","",InputOutput!H686) | ... AD694: =IF(InputOutput!$B686="","",InputOutput!AD686) | AE694: =IF(InputOutput!$B686="","",ROUND(InputOutput!AW686,0)) | AF694: =IF(InputOutput!$B686="","",ROUND(InputOutput!AX686,0)) | AG694: =IF(InputOutput!$B686="","",InputOutput!AY686) | AH694: =IF(InputOutput!$B686="","",InputOutput!AZ686) | AI694: =IF(InputOutput!$B686="","",InputOutput!#REF!) | AJ694: =IF(InputOutput!$B686="","",InputOutput!#REF!) | AK694: =IF(InputOutput!$B686="","",InputOutput!#REF!) | AL694: =IF(InputOutput!$B686="","",InputOutput!#REF!) | AM694: =IF(InputOutput!$B686="","",InputOutput!BE686) | AN694: =IF(InputOutput!$B686="","",InputOutput!BF686)
A695: =IF(InputOutput!$B687="","",InputOutput!A687) | B695: =IF(InputOutput!$B687="","",InputOutput!B687) | C695: =IF(InputOutput!$B687="","",InputOutput!C687) | D695: =IF(InputOutput!$B687="","",InputOutput!D687) | E695: =IF(InputOutput!$B687="","",InputOutput!E687) | F695: =IF(InputOutput!$B687="","",InputOutput!F687) | G695: =IF(InputOutput!$B687="","",InputOutput!G687) | H695: =IF(InputOutput!$B687="","",InputOutput!H687) | ... AD695: =IF(InputOutput!$B687="","",InputOutput!AD687) | AE695: =IF(InputOutput!$B687="","",ROUND(InputOutput!AW687,0)) | AF695: =IF(InputOutput!$B687="","",ROUND(InputOutput!AX687,0)) | AG695: =IF(InputOutput!$B687="","",InputOutput!AY687) | AH695: =IF(InputOutput!$B687="","",InputOutput!AZ687) | AI695: =IF(InputOutput!$B687="","",InputOutput!#REF!) | AJ695: =IF(InputOutput!$B687="","",InputOutput!#REF!) | AK695: =IF(InputOutput!$B687="","",InputOutput!#REF!) | AL695: =IF(InputOutput!$B687="","",InputOutput!#REF!) | AM695: =IF(InputOutput!$B687="","",InputOutput!BE687) | AN695: =IF(InputOutput!$B687="","",InputOutput!BF687)
A696: =IF(InputOutput!$B688="","",InputOutput!A688) | B696: =IF(InputOutput!$B688="","",InputOutput!B688) | C696: =IF(InputOutput!$B688="","",InputOutput!C688) | D696: =IF(InputOutput!$B688="","",InputOutput!D688) | E696: =IF(InputOutput!$B688="","",InputOutput!E688) | F696: =IF(InputOutput!$B688="","",InputOutput!F688) | G696: =IF(InputOutput!$B688="","",InputOutput!G688) | H696: =IF(InputOutput!$B688="","",InputOutput!H688) | ... AD696: =IF(InputOutput!$B688="","",InputOutput!AD688) | AE696: =IF(InputOutput!$B688="","",ROUND(InputOutput!AW688,0)) | AF696: =IF(InputOutput!$B688="","",ROUND(InputOutput!AX688,0)) | AG696: =IF(InputOutput!$B688="","",InputOutput!AY688) | AH696: =IF(InputOutput!$B688="","",InputOutput!AZ688) | AI696: =IF(InputOutput!$B688="","",InputOutput!#REF!) | AJ696: =IF(InputOutput!$B688="","",InputOutput!#REF!) | AK696: =IF(InputOutput!$B688="","",InputOutput!#REF!) | AL696: =IF(InputOutput!$B688="","",InputOutput!#REF!) | AM696: =IF(InputOutput!$B688="","",InputOutput!BE688) | AN696: =IF(InputOutput!$B688="","",InputOutput!BF688)
... A707: =IF(InputOutput!$B699="","",InputOutput!A699) | B707: =IF(InputOutput!$B699="","",InputOutput!B699) | C707: =IF(InputOutput!$B699="","",InputOutput!C699) | D707: =IF(InputOutput!$B699="","",InputOutput!D699) | E707: =IF(InputOutput!$B699="","",InputOutput!E699) | F707: =IF(InputOutput!$B699="","",InputOutput!F699) | G707: =IF(InputOutput!$B699="","",InputOutput!G699) | H707: =IF(InputOutput!$B699="","",InputOutput!H699) | ... AD707: =IF(InputOutput!$B699="","",InputOutput!AD699) | AE707: =IF(InputOutput!$B699="","",ROUND(InputOutput!AW699,0)) | AF707: =IF(InputOutput!$B699="","",ROUND(InputOutput!AX699,0)) | AG707: =IF(InputOutput!$B699="","",InputOutput!AY699) | AH707: =IF(InputOutput!$B699="","",InputOutput!AZ699) | AI707: =IF(InputOutput!$B699="","",InputOutput!#REF!) | AJ707: =IF(InputOutput!$B699="","",InputOutput!#REF!) | AK707: =IF(InputOutput!$B699="","",InputOutput!#REF!) | AL707: =IF(InputOutput!$B699="","",InputOutput!#REF!) | AM707: =IF(InputOutput!$B699="","",InputOutput!BE699) | AN707: =IF(InputOutput!$B699="","",InputOutput!BF699)
A708: =IF(InputOutput!$B700="","",InputOutput!A700) | B708: =IF(InputOutput!$B700="","",InputOutput!B700) | C708: =IF(InputOutput!$B700="","",InputOutput!C700) | D708: =IF(InputOutput!$B700="","",InputOutput!D700) | E708: =IF(InputOutput!$B700="","",InputOutput!E700) | F708: =IF(InputOutput!$B700="","",InputOutput!F700) | G708: =IF(InputOutput!$B700="","",InputOutput!G700) | H708: =IF(InputOutput!$B700="","",InputOutput!H700) | ... AD708: =IF(InputOutput!$B700="","",InputOutput!AD700) | AE708: =IF(InputOutput!$B700="","",ROUND(InputOutput!AW700,0)) | AF708: =IF(InputOutput!$B700="","",ROUND(InputOutput!AX700,0)) | AG708: =IF(InputOutput!$B700="","",InputOutput!AY700) | AH708: =IF(InputOutput!$B700="","",InputOutput!AZ700) | AI708: =IF(InputOutput!$B700="","",InputOutput!BA700) | AJ708: =IF(InputOutput!$B700="","",InputOutput!BB700) | AK708: =IF(InputOutput!$B700="","",InputOutput!BC700) | AL708: =IF(InputOutput!$B700="","",InputOutput!BD700) | AM708: =IF(InputOutput!$B700="","",InputOutput!BE700) | AN708: =IF(InputOutput!$B700="","",InputOutput!BF700)
A709: =IF(InputOutput!$B701="","",InputOutput!A701) | B709: =IF(InputOutput!$B701="","",InputOutput!B701) | C709: =IF(InputOutput!$B701="","",InputOutput!C701) | D709: =IF(InputOutput!$B701="","",InputOutput!D701) | E709: =IF(InputOutput!$B701="","",InputOutput!E701) | F709: =IF(InputOutput!$B701="","",InputOutput!F701) | G709: =IF(InputOutput!$B701="","",InputOutput!G701) | H709: =IF(InputOutput!$B701="","",InputOutput!H701) | ... AD709: =IF(InputOutput!$B701="","",InputOutput!AD701) | AE709: =IF(InputOutput!$B701="","",ROUND(InputOutput!AW701,0)) | AF709: =IF(InputOutput!$B701="","",ROUND(InputOutput!AX701,0)) | AG709: =IF(InputOutput!$B701="","",InputOutput!AY701) | AH709: =IF(InputOutput!$B701="","",InputOutput!AZ701) | AI709: =IF(InputOutput!$B701="","",InputOutput!BA701) | AJ709: =IF(InputOutput!$B701="","",InputOutput!BB701) | AK709: =IF(InputOutput!$B701="","",InputOutput!BC701) | AL709: =IF(InputOutput!$B701="","",InputOutput!BD701) | AM709: =IF(InputOutput!$B701="","",InputOutput!BE701) | AN709: =IF(InputOutput!$B701="","",InputOutput!BF701)
A710: =IF(InputOutput!$B702="","",InputOutput!A702) | B710: =IF(InputOutput!$B702="","",InputOutput!B702) | C710: =IF(InputOutput!$B702="","",InputOutput!C702) | D710: =IF(InputOutput!$B702="","",InputOutput!D702) | E710: =IF(InputOutput!$B702="","",InputOutput!E702) | F710: =IF(InputOutput!$B702="","",InputOutput!F702) | G710: =IF(InputOutput!$B702="","",InputOutput!G702) | H710: =IF(InputOutput!$B702="","",InputOutput!H702) | ... AD710: =IF(InputOutput!$B702="","",InputOutput!AD702) | AE710: =IF(InputOutput!$B702="","",ROUND(InputOutput!AW702,0)) | AF710: =IF(InputOutput!$B702="","",ROUND(InputOutput!AX702,0)) | AG710: =IF(InputOutput!$B702="","",InputOutput!AY702) | AH710: =IF(InputOutput!$B702="","",InputOutput!AZ702) | AI710: =IF(InputOutput!$B702="","",InputOutput!BA702) | AJ710: =IF(InputOutput!$B702="","",InputOutput!BB702) | AK710: =IF(InputOutput!$B702="","",InputOutput!BC702) | AL710: =IF(InputOutput!$B702="","",InputOutput!BD702) | AM710: =IF(InputOutput!$B702="","",InputOutput!BE702) | AN710: =IF(InputOutput!$B702="","",InputOutput!BF702)
A711: =IF(InputOutput!$B703="","",InputOutput!A703) | B711: =IF(InputOutput!$B703="","",InputOutput!B703) | C711: =IF(InputOutput!$B703="","",InputOutput!C703) | D711: =IF(InputOutput!$B703="","",InputOutput!D703) | E711: =IF(InputOutput!$B703="","",InputOutput!E703) | F711: =IF(InputOutput!$B703="","",InputOutput!F703) | G711: =IF(InputOutput!$B703="","",InputOutput!G703) | H711: =IF(InputOutput!$B703="","",InputOutput!H703) | ... AD711: =IF(InputOutput!$B703="","",InputOutput!AD703) | AE711: =IF(InputOutput!$B703="","",ROUND(InputOutput!AW703,0)) | AF711: =IF(InputOutput!$B703="","",ROUND(InputOutput!AX703,0)) | AG711: =IF(InputOutput!$B703="","",InputOutput!AY703) | AH711: =IF(InputOutput!$B703="","",InputOutput!AZ703) | AI711: =IF(InputOutput!$B703="","",InputOutput!BA703) | AJ711: =IF(InputOutput!$B703="","",InputOutput!BB703) | AK711: =IF(InputOutput!$B703="","",InputOutput!BC703) | AL711: =IF(InputOutput!$B703="","",InputOutput!BD703) | AM711: =IF(InputOutput!$B703="","",InputOutput!BE703) | AN711: =IF(InputOutput!$B703="","",InputOutput!BF703)
A712: =IF(InputOutput!$B704="","",InputOutput!A704) | B712: =IF(InputOutput!$B704="","",InputOutput!B704) | C712: =IF(InputOutput!$B704="","",InputOutput!C704) | D712: =IF(InputOutput!$B704="","",InputOutput!D704) | E712: =IF(InputOutput!$B704="","",InputOutput!E704) | F712: =IF(InputOutput!$B704="","",InputOutput!F704) | G712: =IF(InputOutput!$B704="","",InputOutput!G704) | H712: =IF(InputOutput!$B704="","",InputOutput!H704) | ... AD712: =IF(InputOutput!$B704="","",InputOutput!AD704) | AE712: =IF(InputOutput!$B704="","",ROUND(InputOutput!AW704,0)) | AF712: =IF(InputOutput!$B704="","",ROUND(InputOutput!AX704,0)) | AG712: =IF(InputOutput!$B704="","",InputOutput!AY704) | AH712: =IF(InputOutput!$B704="","",InputOutput!AZ704) | AI712: =IF(InputOutput!$B704="","",InputOutput!BA704) | AJ712: =IF(InputOutput!$B704="","",InputOutput!BB704) | AK712: =IF(InputOutput!$B704="","",InputOutput!BC704) | AL712: =IF(InputOutput!$B704="","",InputOutput!BD704) | AM712: =IF(InputOutput!$B704="","",InputOutput!BE704) | AN712: =IF(InputOutput!$B704="","",InputOutput!BF704)
A713: =IF(InputOutput!$B705="","",InputOutput!A705) | B713: =IF(InputOutput!$B705="","",InputOutput!B705) | C713: =IF(InputOutput!$B705="","",InputOutput!C705) | D713: =IF(InputOutput!$B705="","",InputOutput!D705) | E713: =IF(InputOutput!$B705="","",InputOutput!E705) | F713: =IF(InputOutput!$B705="","",InputOutput!F705) | G713: =IF(InputOutput!$B705="","",InputOutput!G705) | H713: =IF(InputOutput!$B705="","",InputOutput!H705) | ... AD713: =IF(InputOutput!$B705="","",InputOutput!AD705) | AE713: =IF(InputOutput!$B705="","",ROUND(InputOutput!AW705,0)) | AF713: =IF(InputOutput!$B705="","",ROUND(InputOutput!AX705,0)) | AG713: =IF(InputOutput!$B705="","",InputOutput!AY705) | AH713: =IF(InputOutput!$B705="","",InputOutput!AZ705) | AI713: =IF(InputOutput!$B705="","",InputOutput!BA705) | AJ713: =IF(InputOutput!$B705="","",InputOutput!BB705) | AK713: =IF(InputOutput!$B705="","",InputOutput!BC705) | AL713: =IF(InputOutput!$B705="","",InputOutput!BD705) | AM713: =IF(InputOutput!$B705="","",InputOutput!BE705) | AN713: =IF(InputOutput!$B705="","",InputOutput!BF705)
A714: =IF(InputOutput!$B706="","",InputOutput!A706) | B714: =IF(InputOutput!$B706="","",InputOutput!B706) | C714: =IF(InputOutput!$B706="","",InputOutput!C706) | D714: =IF(InputOutput!$B706="","",InputOutput!D706) | E714: =IF(InputOutput!$B706="","",InputOutput!E706) | F714: =IF(InputOutput!$B706="","",InputOutput!F706) | G714: =IF(InputOutput!$B706="","",InputOutput!G706) | H714: =IF(InputOutput!$B706="","",InputOutput!H706) | ... AD714: =IF(InputOutput!$B706="","",InputOutput!AD706) | AE714: =IF(InputOutput!$B706="","",ROUND(InputOutput!AW706,0)) | AF714: =IF(InputOutput!$B706="","",ROUND(InputOutput!AX706,0)) | AG714: =IF(InputOutput!$B706="","",InputOutput!AY706) | AH714: =IF(InputOutput!$B706="","",InputOutput!AZ706) | AI714: =IF(InputOutput!$B706="","",InputOutput!BA706) | AJ714: =IF(InputOutput!$B706="","",InputOutput!BB706) | AK714: =IF(InputOutput!$B706="","",InputOutput!BC706) | AL714: =IF(InputOutput!$B706="","",InputOutput!BD706) | AM714: =IF(InputOutput!$B706="","",InputOutput!BE706) | AN714: =IF(InputOutput!$B706="","",InputOutput!BF706)
A715: =IF(InputOutput!$B707="","",InputOutput!A707) | B715: =IF(InputOutput!$B707="","",InputOutput!B707) | C715: =IF(InputOutput!$B707="","",InputOutput!C707) | D715: =IF(InputOutput!$B707="","",InputOutput!D707) | E715: =IF(InputOutput!$B707="","",InputOutput!E707) | F715: =IF(InputOutput!$B707="","",InputOutput!F707) | G715: =IF(InputOutput!$B707="","",InputOutput!G707) | H715: =IF(InputOutput!$B707="","",InputOutput!H707) | ... AD715: =IF(InputOutput!$B707="","",InputOutput!AD707) | AE715: =IF(InputOutput!$B707="","",ROUND(InputOutput!AW707,0)) | AF715: =IF(InputOutput!$B707="","",ROUND(InputOutput!AX707,0)) | AG715: =IF(InputOutput!$B707="","",InputOutput!AY707) | AH715: =IF(InputOutput!$B707="","",InputOutput!AZ707) | AI715: =IF(InputOutput!$B707="","",InputOutput!BA707) | AJ715: =IF(InputOutput!$B707="","",InputOutput!BB707) | AK715: =IF(InputOutput!$B707="","",InputOutput!BC707) | AL715: =IF(InputOutput!$B707="","",InputOutput!BD707) | AM715: =IF(InputOutput!$B707="","",InputOutput!BE707) | AN715: =IF(InputOutput!$B707="","",InputOutput!BF707)
A716: =IF(InputOutput!$B708="","",InputOutput!A708) | B716: =IF(InputOutput!$B708="","",InputOutput!B708) | C716: =IF(InputOutput!$B708="","",InputOutput!C708) | D716: =IF(InputOutput!$B708="","",InputOutput!D708) | E716: =IF(InputOutput!$B708="","",InputOutput!E708) | F716: =IF(InputOutput!$B708="","",InputOutput!F708) | G716: =IF(InputOutput!$B708="","",InputOutput!G708) | H716: =IF(InputOutput!$B708="","",InputOutput!H708) | ... AD716: =IF(InputOutput!$B708="","",InputOutput!AD708) | AE716: =IF(InputOutput!$B708="","",ROUND(InputOutput!AW708,0)) | AF716: =IF(InputOutput!$B708="","",ROUND(InputOutput!AX708,0)) | AG716: =IF(InputOutput!$B708="","",InputOutput!AY708) | AH716: =IF(InputOutput!$B708="","",InputOutput!AZ708) | AI716: =IF(InputOutput!$B708="","",InputOutput!BA708) | AJ716: =IF(InputOutput!$B708="","",InputOutput!BB708) | AK716: =IF(InputOutput!$B708="","",InputOutput!BC708) | AL716: =IF(InputOutput!$B708="","",InputOutput!BD708) | AM716: =IF(InputOutput!$B708="","",InputOutput!BE708) | AN716: =IF(InputOutput!$B708="","",InputOutput!BF708)
A717: =IF(InputOutput!$B709="","",InputOutput!A709) | B717: =IF(InputOutput!$B709="","",InputOutput!B709) | C717: =IF(InputOutput!$B709="","",InputOutput!C709) | D717: =IF(InputOutput!$B709="","",InputOutput!D709) | E717: =IF(InputOutput!$B709="","",InputOutput!E709) | F717: =IF(InputOutput!$B709="","",InputOutput!F709) | G717: =IF(InputOutput!$B709="","",InputOutput!G709) | H717: =IF(InputOutput!$B709="","",InputOutput!H709) | ... AD717: =IF(InputOutput!$B709="","",InputOutput!AD709) | AE717: =IF(InputOutput!$B709="","",ROUND(InputOutput!AW709,0)) | AF717: =IF(InputOutput!$B709="","",ROUND(InputOutput!AX709,0)) | AG717: =IF(InputOutput!$B709="","",InputOutput!AY709) | AH717: =IF(InputOutput!$B709="","",InputOutput!AZ709) | AI717: =IF(InputOutput!$B709="","",InputOutput!BA709) | AJ717: =IF(InputOutput!$B709="","",InputOutput!BB709) | AK717: =IF(InputOutput!$B709="","",InputOutput!BC709) | AL717: =IF(InputOutput!$B709="","",InputOutput!BD709) | AM717: =IF(InputOutput!$B709="","",InputOutput!BE709) | AN717: =IF(InputOutput!$B709="","",InputOutput!BF709)
A718: =IF(InputOutput!$B710="","",InputOutput!A710) | B718: =IF(InputOutput!$B710="","",InputOutput!B710) | C718: =IF(InputOutput!$B710="","",InputOutput!C710) | D718: =IF(InputOutput!$B710="","",InputOutput!D710) | E718: =IF(InputOutput!$B710="","",InputOutput!E710) | F718: =IF(InputOutput!$B710="","",InputOutput!F710) | G718: =IF(InputOutput!$B710="","",InputOutput!G710) | H718: =IF(InputOutput!$B710="","",InputOutput!H710) | ... AD718: =IF(InputOutput!$B710="","",InputOutput!AD710) | AE718: =IF(InputOutput!$B710="","",ROUND(InputOutput!AW710,0)) | AF718: =IF(InputOutput!$B710="","",ROUND(InputOutput!AX710,0)) | AG718: =IF(InputOutput!$B710="","",InputOutput!AY710) | AH718: =IF(InputOutput!$B710="","",InputOutput!AZ710) | AI718: =IF(InputOutput!$B710="","",InputOutput!BA710) | AJ718: =IF(InputOutput!$B710="","",InputOutput!BB710) | AK718: =IF(InputOutput!$B710="","",InputOutput!BC710) | AL718: =IF(InputOutput!$B710="","",InputOutput!BD710) | AM718: =IF(InputOutput!$B710="","",InputOutput!BE710) | AN718: =IF(InputOutput!$B710="","",InputOutput!BF710)
A719: =IF(InputOutput!$B711="","",InputOutput!A711) | B719: =IF(InputOutput!$B711="","",InputOutput!B711) | C719: =IF(InputOutput!$B711="","",InputOutput!C711) | D719: =IF(InputOutput!$B711="","",InputOutput!D711) | E719: =IF(InputOutput!$B711="","",InputOutput!E711) | F719: =IF(InputOutput!$B711="","",InputOutput!F711) | G719: =IF(InputOutput!$B711="","",InputOutput!G711) | H719: =IF(InputOutput!$B711="","",InputOutput!H711) | ... AD719: =IF(InputOutput!$B711="","",InputOutput!AD711) | AE719: =IF(InputOutput!$B711="","",ROUND(InputOutput!AW711,0)) | AF719: =IF(InputOutput!$B711="","",ROUND(InputOutput!AX711,0)) | AG719: =IF(InputOutput!$B711="","",InputOutput!AY711) | AH719: =IF(InputOutput!$B711="","",InputOutput!AZ711) | AI719: =IF(InputOutput!$B711="","",InputOutput!BA711) | AJ719: =IF(InputOutput!$B711="","",InputOutput!BB711) | AK719: =IF(InputOutput!$B711="","",InputOutput!BC711) | AL719: =IF(InputOutput!$B711="","",InputOutput!BD711) | AM719: =IF(InputOutput!$B711="","",InputOutput!BE711) | AN719: =IF(InputOutput!$B711="","",InputOutput!BF711)
... A1000: =IF(InputOutput!$B992="","",InputOutput!A992) | B1000: =IF(InputOutput!$B992="","",InputOutput!B992) | C1000: =IF(InputOutput!$B992="","",InputOutput!C992) | D1000: =IF(InputOutput!$B992="","",InputOutput!D992) | E1000: =IF(InputOutput!$B992="","",InputOutput!E992) | F1000: =IF(InputOutput!$B992="","",InputOutput!F992) | G1000: =IF(InputOutput!$B992="","",InputOutput!G992) | H1000: =IF(InputOutput!$B992="","",InputOutput!H992) | ... AD1000: =IF(InputOutput!$B992="","",InputOutput!AD992) | AE1000: =IF(InputOutput!$B992="","",ROUND(InputOutput!AW992,0)) | AF1000: =IF(InputOutput!$B992="","",ROUND(InputOutput!AX992,0)) | AG1000: =IF(InputOutput!$B992="","",InputOutput!AY992) | AH1000: =IF(InputOutput!$B992="","",InputOutput!AZ992) | AI1000: =IF(InputOutput!$B992="","",InputOutput!BA992) | AJ1000: =IF(InputOutput!$B992="","",InputOutput!BB992) | AK1000: =IF(InputOutput!$B992="","",InputOutput!BC992) | AL1000: =IF(InputOutput!$B992="","",InputOutput!BD992) | AM1000: =IF(InputOutput!$B992="","",InputOutput!BE992) | AN1000: =IF(InputOutput!$B992="","",InputOutput!BF992)

Sheet Valinta vaihtoehdot
A1: =tojson!AJ1 -> 0 | B1: =tojson!B1 -> Koko | C1: =tojson!C1 -> B | D1: =tojson!D1 -> HTVÄLI1 | E1: =tojson!E1 -> HTVÄLI2 | F1: =tojson!F1 -> HTKOKO | G1: =tojson!AB1 -> 0
A2: {=_xlfn.UNIQUE(tojson!AJ2:AJ999)} -> 0 | B2: {=_xlfn.UNIQUE(tojson!AB2:AB999)} -> 0 | C2: {=_xlfn.UNIQUE(tojson!C2:C999)} -> 232 | D2: {=_xlfn.UNIQUE(tojson!D2:D999)} -> 104 | E2: {=_xlfn.UNIQUE(tojson!E2:E999)} -> 0 | F2: {=_xlfn.UNIQUE(tojson!F2:F999)} -> 20 | G2: {=_xlfn.UNIQUE(tojson!AB2:AB999)} -> 0
C3: 267 | D3: 139
A4: #REF! | B4: #REF! | E4: #REF! | F4: #REF! | G4: #REF! | O4: betoni
A5: Bergsko KK 270-110 4D20 SW00101 | B5: 50 | C5: #REF! | D5: #REF! | E5: 1 | F5: 4 | G5: 50 | O5: 12 | P5: C12/15 | Q5: 15 | AK5: BottomPlate | AN5: Pile
A6: Bergsko KK 235-100 4D16 SW00331 | B6: 55 | C6: 1 | D6: 1 | G6: 55 | O6: 16 | P6: C16/20 | Q6: 20 | T6: dubb | U6: dDubb | V6: RmDub | W6: round | X6: dRound | Y6: hRound | Z6: RehRound | AA6: supports | AB6: l1Support | AC6: l2Support | AD6: l3Support | AE6: l4Support | AF6: rebars | AG6: fii | AH6: fiiDesing | AI6: lv | AJ6: bottomPlate | AK6: l1BP | AL6: l2BP | AM6: pile | AN6: bPile | AO6: betoni | AP6: misc | AQ6: materialModel | AT6: Karki | AU6: Joulukuusi | AV6: Joulukuusi.deg | AW6: Pohjalevy | AX6: Pohjalevy.deg | AY6: PohjalveyH | AZ6: Betoni | BA6: Hitsi | BB6: Karki | BC6: Joulukuusi | BD6: Joulukuusi.deg | BE6: Pohjalevy | BF6: Pohjalevy.deg | BG6: PohjalveyH | BH6: Betoni | BJ6: ULS | BK6: SLS | BL6: htpit | BM6: dNRO | BN6: tyyppi | BO6: nimi | BP6: hDubb
A7: Bergsko KK 350-180 4D20 SW00213 | B7: 45 | C7: 0.9 | D7: 0.9 | G7: 45 | O7: 20 | P7: C20/25 | Q7: 25 | S7: 1 | T7: 0 | U7: 60 | V7: 1441 | W7: 0 | X7: 85 | Y7: 40 | Z7: 315 | AA7: 0 | AB7: 50 | AC7: 110 | AD7: 20 | AE7: 5 | AF7: 0 | AG7: 20 | AH7: 20 | AI7: 110 | AJ7: 0 | AK7: 190 | AL7: 20 | AM7: 0 | AN7: 270 | AQ7: 1 | AR7: 1 | BL7: 500 | BM7: SW00101 | BN7: kk | BO7: Bergsko KK 270-110 4D20 SW00101 | BP7: 70
B8: 40 | C8: 0.8 | D8: 0.8 | G8: 40 | O8: 25 | P8: C25/30 | Q8: 30 | S8: 2 | T8: 0 | U8: 60 | V8: 1441 | W8: 0 | X8: 85 | Y8: 40 | Z8: 315 | AA8: 0 | AB8: 50 | AC8: 110 | AD8: 20 | AE8: 5 | AF8: 0 | AG8: 16 | AH8: 16 | AI8: 100 | AJ8: 0 | AK8: 160 | AL8: 20 | AM8: 0 | AN8: 235 | AQ8: 1 | AR8: 2 | BL8: 500 | BM8: SW00331 | BN8: kk | BO8: Bergsko KK 235-100 4D16 SW00331 | BP8: 70
O9: 30 | P9: C30/37 | Q9: 37 | S9: 3 | T9: 0 | U9: 80 | V9: 1441 | W9: 0 | X9: 105 | Y9: 95 | Z9: 295 | AA9: 0 | AB9: 75 | AC9: 160 | AD9: 20 | AE9: 10 | AF9: 0 | AG9: 20 | AH9: 20 | AI9: 180 | AJ9: 0 | AK9: 245 | AL9: 20 | AM9: 0 | AN9: 350 | AQ9: 1 | AR9: 3 | BL9: 500 | BM9: SW00213 | BN9: kk | BO9: Bergsko KK 350-180 4D20 SW00213 | BP9: 70
O10: 35 | P10: C35/45 | Q10: 45
O11: 40 | P11: C40/50 | Q11: 50
O12: 45 | P12: C45/55 | Q12: 55
O13: 50 | P13: C50/60 | Q13: 60
O14: 55 | P14: C55/67 | Q14: 67
O15: 60 | P15: C60/75 | Q15: 75
