Workbook

Sheet linear
A1: Copy to Clipboard
A2: Interaction diagram - Axial force resistance NRd vs bending moment resistance MRd
A3: N-M interaction | B3: Lever arm & neutral axis | C3: Curvature & strains | D3: Stresses | E3: Internal forces & moments | F3: Effective stiffness
A4: # | B4: Design axial force resistance
A5: NRd [kN] | B5: Design bending moment resistance
A6: MRd [kNm] | B6: Location of neutral axis from centroid
A7: yn [m] | B7: Lever arm of internal forces
A8: z [m] | B8: Normalized level arm
A9: z/d [-] | B9: Depth of compressive zone
A10: x [m] | B10: Normalized depth of compressive zone
A11: x/d [-] | B11: Area of compressive zone
A12: AC [m2] | B12: Curvature
A13: φ [×10−3 m−1] | B13: Strain at centroid
A14: ε0 [‰] | B14: Top concrete strain
A15: εc,top [‰] | B15: Bottom concrete strain
... A17: εs,max [‰] | B17: Minimum reinforcement strain
A18: εs,min [‰] | B18: Reinforcement yield in tension | C18: Reinforcement yield in compression | D18: Maximum concrete stress
A19: σc,max [MPa] | B19: Minimum concrete stress
A20: σc,min [MPa] | B20: Average concrete stress
A21: σc,ave [MPa] | B21: Maximum reinforcement stress
A22: σs,max [MPa] | B22: Minimum reinforcement stress
A23: σs,min [MPa] | B23: Internal compression force
A24: FC [kN] | B24: Internal tension force
A25: FT [kN] | B25: Internal compression moment
A26: MC [kNm] | B26: Internal tension moment
A27: MT [kNm] | B27: Effective bending stiffness
A28: (EI)eff [kNm2] | B28: Effective bending stiffness ratio
A29: (EI)eff / (EI)gross [-]
A30: 1 | B30: 376.99 | C30: 0 | D30: Infinity | E30: - | F30: - | G30: 0 | H30: 0 | I30: 0 | J30: 0 | K30: 1.5 | L30: 1.5 | M30: 1.5 | N30: 1.5 | O30: 1.5 | P30: no | Q30: no | R30: 0 | S30: 0 | T30: 0 | U30: 300 | V30: 300 | W30: 0 | X30: 376.99 | Y30: 0 | Z30: 0 | AA30: NaN | AB30: NaN
A31: 2 | B31: 368.4 | C31: 0.6 | D31: 3 | E31: - | F31: - | G31: 0 | H31: 0 | I31: 0 | J31: 0.489 | K31: 1.47 | L31: 1.4 | M31: 1.53 | N31: 1.5 | O31: 1.43 | P31: no | Q31: no | R31: 0 | S31: 0 | T31: 0 | U31: 300 | V31: 286.3 | W31: 0 | X31: 368.4 | Y31: 0 | Z31: 0.6 | AA31: 1232 | AB31: 0.0746
A32: 3 | B32: 359.8 | C32: 1.2 | D32: 1.465 | E32: - | F32: - | G32: 0 | H32: 0 | I32: 0 | J32: 0.977 | K32: 1.43 | L32: 1.3 | M32: 1.56 | N32: 1.5 | O32: 1.36 | P32: no | Q32: no | R32: 0 | S32: 0 | T32: 0 | U32: 300 | V32: 272.6 | W32: 0 | X32: 359.8 | Y32: 0 | Z32: 1.2 | AA32: 1232 | AB32: 0.0746
A33: 4 | B33: 351.21 | C33: 1.8 | D33: 0.953 | E33: - | F33: - | G33: 0 | H33: 0 | I33: 0 | J33: 1.466 | K33: 1.4 | L33: 1.2 | M33: 1.6 | N33: 1.5 | O33: 1.29 | P33: no | Q33: no | R33: 0 | S33: 0 | T33: 0 | U33: 300 | V33: 259 | W33: 0 | X33: 351.21 | Y33: 0 | Z33: 1.8 | AA33: 1232 | AB33: 0.0746
A34: 5 | B34: 342.61 | C34: 2.41 | D34: 0.698 | E34: - | F34: - | G34: 0 | H34: 0 | I34: 0 | J34: 1.954 | K34: 1.36 | L34: 1.1 | M34: 1.63 | N34: 1.5 | O34: 1.23 | P34: no | Q34: no | R34: 0 | S34: 0 | T34: 0 | U34: 300 | V34: 245.3 | W34: 0 | X34: 342.61 | Y34: 0 | Z34: 2.41 | AA34: 1232 | AB34: 0.0746
A35: 6 | B35: 334.02 | C35: 3.01 | D35: 0.544 | E35: - | F35: - | G35: 0 | H35: 0 | I35: 0 | J35: 2.443 | K35: 1.33 | L35: 1 | M35: 1.66 | N35: 1.5 | O35: 1.16 | P35: no | Q35: no | R35: 0 | S35: 0 | T35: 0 | U35: 300 | V35: 231.6 | W35: 0 | X35: 334.02 | Y35: 0 | Z35: 3.01 | AA35: 1232 | AB35: 0.0746
A36: 7 | B36: 325.42 | C36: 3.61 | D36: 0.442 | E36: - | F36: - | G36: 0 | H36: 0 | I36: 0 | J36: 2.931 | K36: 1.29 | L36: 0.9 | M36: 1.69 | N36: 1.5 | O36: 1.09 | P36: no | Q36: no | R36: 0 | S36: 0 | T36: 0 | U36: 300 | V36: 217.9 | W36: 0 | X36: 325.42 | Y36: 0 | Z36: 3.61 | AA36: 1232 | AB36: 0.0746
A37: 8 | B37: 316.83 | C37: 4.21 | D37: 0.369 | E37: - | F37: - | G37: 0 | H37: 0 | I37: 0 | J37: 3.42 | K37: 1.26 | L37: 0.8 | M37: 1.72 | N37: 1.5 | O37: 1.02 | P37: no | Q37: no | R37: 0 | S37: 0 | T37: 0 | U37: 300 | V37: 204.2 | W37: 0 | X37: 316.83 | Y37: 0 | Z37: 4.21 | AA37: 1232 | AB37: 0.0746
A38: 9 | B38: 308.23 | C38: 4.81 | D38: 0.314 | E38: - | F38: - | G38: 0 | H38: 0 | I38: 0 | J38: 3.908 | K38: 1.23 | L38: 0.7 | M38: 1.75 | N38: 1.5 | O38: 0.95 | P38: no | Q38: no | R38: 0 | S38: 0 | T38: 0 | U38: 300 | V38: 190.6 | W38: 0 | X38: 308.23 | Y38: 0 | Z38: 4.81 | AA38: 1232 | AB38: 0.0746
A39: 10 | B39: 299.64 | C39: 5.41 | D39: 0.271 | E39: - | F39: - | G39: 0 | H39: 0 | I39: 0 | J39: 4.397 | K39: 1.19 | L39: 0.6 | M39: 1.79 | N39: 1.5 | O39: 0.88 | P39: no | Q39: no | R39: 0 | S39: 0 | T39: 0 | U39: 300 | V39: 176.9 | W39: 0 | X39: 299.64 | Y39: 0 | Z39: 5.41 | AA39: 1232 | AB39: 0.0746
A40: 11 | B40: 291.04 | C40: 6.02 | D40: 0.237 | E40: - | F40: - | G40: 0 | H40: 0 | I40: 0 | J40: 4.885 | K40: 1.16 | L40: 0.5 | M40: 1.82 | N40: 1.5 | O40: 0.82 | P40: no | Q40: no | R40: 0 | S40: 0 | T40: 0 | U40: 300 | V40: 163.2 | W40: 0 | X40: 291.04 | Y40: 0 | Z40: 6.02 | AA40: 1232 | AB40: 0.0746
A41: 12 | B41: 282.45 | C41: 6.62 | D41: 0.209 | E41: - | F41: - | G41: 0 | H41: 0 | I41: 0 | J41: 5.374 | K41: 1.12 | L41: 0.4 | M41: 1.85 | N41: 1.5 | O41: 0.75 | P41: no | Q41: no | R41: 0 | S41: 0 | T41: 0 | U41: 300 | V41: 149.5 | W41: 0 | X41: 282.45 | Y41: 0 | Z41: 6.62 | AA41: 1232 | AB41: 0.0746
A42: 13 | B42: 273.85 | C42: 7.22 | D42: 0.186 | E42: - | F42: - | G42: 0 | H42: 0 | I42: 0 | J42: 5.862 | K42: 1.09 | L42: 0.3 | M42: 1.88 | N42: 1.5 | O42: 0.68 | P42: no | Q42: no | R42: 0 | S42: 0 | T42: 0 | U42: 300 | V42: 135.9 | W42: 0 | X42: 273.85 | Y42: 0 | Z42: 7.22 | AA42: 1232 | AB42: 0.0746
... A45: 16 | B45: 248.07 | C45: 9.02 | D45: 0.135 | E45: - | F45: - | G45: 0 | H45: 0.001 | I45: 0 | J45: 7.328 | K45: 0.99 | L45: 0 | M45: 1.98 | N45: 1.5 | O45: 0.47 | P45: no | Q45: no | R45: 0 | S45: -0.13 | T45: 0 | U45: 300 | V45: 94.8 | W45: 0 | X45: 248.07 | Y45: 0 | Z45: 9.02 | AA45: 1232 | AB45: 0.0746
A46: 17 | B46: 228.69 | C46: 11.04 | D46: 0.122 | E46: 0.171 | F46: 0.833 | G46: 0.013 | H46: 0.064 | I46: 0.0036 | J46: 7.817 | K46: 0.95 | L46: -0.1 | M46: 2.01 | N46: 1.5 | O46: 0.41 | P46: no | Q46: no | R46: 0 | S46: -6.11 | T46: -2.96 | U46: 300 | V46: 81.1 | W46: -10.79 | X46: 239.48 | Y46: 1.41 | Z46: 9.63 | AA46: 1412 | AB46: 0.0855
A47: 18 | B47: 191.11 | C47: 15.27 | D47: 0.111 | E47: 0.171 | F47: 0.835 | G47: 0.024 | H47: 0.119 | I47: 0.0066 | J47: 8.305 | K47: 0.92 | L47: -0.2 | M47: 2.04 | N47: 1.5 | O47: 0.34 | P47: no | Q47: no | R47: 0 | S47: -12.08 | T47: -6.06 | U47: 300 | V47: 67.5 | W47: -39.77 | X47: 230.88 | Y47: 5.05 | Z47: 10.23 | AA47: 1839 | AB47: 0.1114
A48: 19 | B48: 138.43 | C48: 21.19 | D48: 0.101 | E48: 0.172 | F48: 0.84 | G48: 0.034 | H48: 0.168 | I48: 0.0091 | J48: 8.794 | K48: 0.88 | L48: -0.3 | M48: 2.07 | N48: 1.5 | O48: 0.27 | P48: no | Q48: no | R48: 0 | S48: -18.05 | T48: -9.2 | U48: 300 | V48: 53.8 | W48: -83.86 | X48: 222.29 | Y48: 10.36 | Z48: 10.83 | AA48: 2409 | AB48: 0.1459
A49: 20 | B49: 72.93 | C49: 28.4 | D49: 0.092 | E49: 0.174 | F49: 0.849 | G49: 0.043 | H49: 0.212 | I49: 0.0117 | J49: 9.282 | K49: 0.85 | L49: -0.4 | M49: 2.1 | N49: 1.5 | O49: 0.2 | P49: no | Q49: no | R49: 0 | S49: -24.03 | T49: -12.07 | U49: 300 | V49: 40.1 | W49: -140.76 | X49: 213.69 | Y49: 16.97 | Z49: 11.43 | AA49: 3059 | AB49: 0.1853
A50: 21 | B50: -3.39 | C50: 36.6 | D50: 0.084 | E50: 0.177 | F50: 0.861 | G50: 0.051 | H50: 0.251 | I50: 0.0139 | J50: 9.771 | K50: 0.82 | L50: -0.5 | M50: 2.14 | N50: 1.5 | O50: 0.13 | P50: no | Q50: no | R50: 0 | S50: -30 | T50: -15.05 | U50: 300 | V50: 26.4 | W50: -208.49 | X50: 205.1 | Y50: 24.57 | Z50: 12.03 | AA50: 3746 | AB50: 0.2269
A51: 22 | B51: -7.75 | C51: 36.67 | D51: 0.083 | E51: 0.177 | F51: 0.862 | G51: 0.052 | H51: 0.253 | I51: 0.0139 | J51: 9.692 | K51: 0.81 | L51: -0.5 | M51: 2.11 | N51: 1.48 | O51: 0.13 | P51: no | Q51: no | R51: 0 | S51: -30 | T51: -15.17 | U51: 296.8 | V51: 25.4 | W51: -210.16 | X51: 202.41 | Y51: 24.74 | Z51: 11.94 | AA51: 3784 | AB51: 0.2292
A52: 23 | B52: -12.18 | C52: 36.75 | D52: 0.083 | E52: 0.177 | F52: 0.863 | G52: 0.052 | H52: 0.255 | I52: 0.0142 | J52: 9.612 | K52: 0.79 | L52: -0.5 | M52: 2.09 | N52: 1.47 | O52: 0.12 | P52: no | Q52: no | R52: 0 | S52: -30 | T52: -14.91 | U52: 293.5 | V52: 24.4 | W52: -211.91 | X52: 199.73 | Y52: 24.91 | Z52: 11.84 | AA52: 3823 | AB52: 0.2316
A53: 24 | B53: -16.63 | C53: 36.83 | D53: 0.082 | E53: 0.177 | F53: 0.863 | G53: 0.053 | H53: 0.257 | I53: 0.0142 | J53: 9.533 | K53: 0.78 | L53: -0.5 | M53: 2.07 | N53: 1.45 | O53: 0.12 | P53: no | Q53: no | R53: 0 | S53: -30 | T53: -15.03 | U53: 290.3 | V53: 23.3 | W53: -213.68 | X53: 197.05 | Y53: 25.09 | Z53: 11.74 | AA53: 3863 | AB53: 0.234
A54: 25 | B54: -21.08 | C54: 36.91 | D54: 0.082 | E54: 0.177 | F54: 0.864 | G54: 0.053 | H54: 0.26 | I54: 0.0142 | J54: 9.454 | K54: 0.77 | L54: -0.5 | M54: 2.05 | N54: 1.44 | O54: 0.11 | P54: no | Q54: no | R54: 0 | S54: -30 | T54: -15.16 | U54: 287 | V54: 22.3 | W54: -215.44 | X54: 194.37 | Y54: 25.26 | Z54: 11.64 | AA54: 3904 | AB54: 0.2365
A55: 26 | B55: -25.59 | C55: 36.99 | D55: 0.081 | E55: 0.177 | F55: 0.865 | G55: 0.054 | H55: 0.262 | I55: 0.0146 | J55: 9.375 | K55: 0.76 | L55: -0.5 | M55: 2.03 | N55: 1.42 | O55: 0.11 | P55: no | Q55: no | R55: 0 | S55: -30 | T55: -14.9 | U55: 283.8 | V55: 21.3 | W55: -217.27 | X55: 191.68 | Y55: 25.45 | Z55: 11.55 | AA55: 3946 | AB55: 0.239
A56: 27 | B56: -30.13 | C56: 37.08 | D56: 0.081 | E56: 0.178 | F56: 0.866 | G56: 0.054 | H56: 0.264 | I56: 0.0146 | J56: 9.296 | K56: 0.75 | L56: -0.5 | M56: 2.01 | N56: 1.4 | O56: 0.1 | P56: no | Q56: no | R56: 0 | S56: -30 | T56: -15.03 | U56: 280.5 | V56: 20.3 | W56: -219.13 | X56: 189 | Y56: 25.63 | Z56: 11.45 | AA56: 3988 | AB56: 0.2416
A57: 28 | B57: -34.67 | C57: 37.16 | D57: 0.08 | E57: 0.178 | F57: 0.867 | G57: 0.055 | H57: 0.266 | I57: 0.0146 | J57: 9.217 | K57: 0.74 | L57: -0.5 | M57: 1.99 | N57: 1.39 | O57: 0.1 | P57: no | Q57: no | R57: 0 | S57: -30 | T57: -15.16 | U57: 277.3 | V57: 19.2 | W57: -220.99 | X57: 186.32 | Y57: 25.81 | Z57: 11.35 | AA57: 4032 | AB57: 0.2442
... A142: 113 | B142: -858.03 | C142: 58.43 | D142: -0.067 | E142: 0.138 | F142: 0.673 | G142: 0.202 | H142: 0.983 | I142: 0.0543 | J142: 2.496 | K142: -0.17 | L142: -0.5 | M142: 0.17 | N142: 0.01 | O142: -0.34 | P142: no | Q142: no | R142: 0 | S142: -30 | T142: -15.03 | U142: 1.7 | V142: -68.2 | W142: -859.11 | X142: 1.08 | Y142: 58.35 | Z142: 0.08 | AA142: 23414 | AB142: 1.4182
A143: 114 | B143: -887.43 | C143: 58.29 | D143: -0.073 | E143: - | F143: - | G143: 0.208 | H143: 1.015 | I143: 0.0561 | J143: 2.416 | K143: -0.18 | L143: -0.5 | M143: 0.15 | N143: -0.01 | O143: -0.35 | P143: no | Q143: no | R143: 0 | S143: -30 | T143: -15.02 | U143: -1.5 | V143: -69.2 | W143: -887.43 | X143: 0 | Y143: 58.29 | Z143: 0 | AA143: 24122 | AB143: 1.4612
A144: 115 | B144: -918.63 | C144: 58.02 | D144: -0.08 | E144: - | F144: - | G144: 0.215 | H144: 1.05 | I144: 0.058 | J144: 2.337 | K144: -0.19 | L144: -0.5 | M144: 0.13 | N144: -0.02 | O144: -0.35 | P144: no | Q144: no | R144: 0 | S144: -30 | T144: -15.04 | U144: -4.8 | V144: -70.2 | W144: -918.63 | X144: 0 | Y144: 58.02 | Z144: 0 | AA144: 24822 | AB144: 1.5036
A145: 116 | B145: -951.84 | C145: 57.59 | D145: -0.088 | E145: - | F145: - | G145: 0.223 | H145: 1.086 | I145: 0.0601 | J145: 2.258 | K145: -0.2 | L145: -0.5 | M145: 0.11 | N145: -0.04 | O145: -0.36 | P145: no | Q145: no | R145: 0 | S145: -30 | T145: -15 | U145: -8 | V145: -71.2 | W145: -951.84 | X145: 0 | Y145: 57.59 | Z145: 0 | AA145: 25500 | AB145: 1.5446
A146: 117 | B146: -987.25 | C146: 56.96 | D146: -0.096 | E146: - | F146: - | G146: 0.231 | H146: 1.126 | I146: 0.0623 | J146: 2.179 | K146: -0.21 | L146: -0.5 | M146: 0.09 | N146: -0.06 | O146: -0.36 | P146: no | Q146: no | R146: 0 | S146: -30 | T146: -15 | U146: -11.2 | V146: -72.3 | W146: -987.25 | X146: 0 | Y146: 56.96 | Z146: 0 | AA146: 26138 | AB146: 1.5832
A147: 118 | B147: -1025.13 | C147: 56.1 | D147: -0.105 | E147: - | F147: - | G147: 0.24 | H147: 1.168 | I147: 0.0645 | J147: 2.1 | K147: -0.22 | L147: -0.5 | M147: 0.06 | N147: -0.07 | O147: -0.37 | P147: no | Q147: no | R147: 0 | S147: -30 | T147: -15.03 | U147: -14.5 | V147: -73.3 | W147: -1025.13 | X147: 0 | Y147: 56.1 | Z147: 0 | AA147: 26711 | AB147: 1.6179
A148: 119 | B148: -1065.77 | C148: 54.94 | D148: -0.114 | E148: - | F148: - | G148: 0.249 | H148: 1.214 | I148: 0.0671 | J148: 2.021 | K148: -0.23 | L148: -0.5 | M148: 0.04 | N148: -0.09 | O148: -0.37 | P148: no | Q148: no | R148: 0 | S148: -30 | T148: -15.03 | U148: -17.7 | V148: -74.3 | W148: -1065.77 | X148: 0 | Y148: 54.94 | Z148: 0 | AA148: 27186 | AB148: 1.6467
A149: 120 | B149: -1109.49 | C149: 53.44 | D149: -0.124 | E149: - | F149: - | G149: 0.259 | H149: 1.263 | I149: 0.07 | J149: 1.942 | K149: -0.24 | L149: -0.5 | M149: 0.02 | N149: -0.1 | O149: -0.38 | P149: no | Q149: no | R149: 0 | S149: -30 | T149: -14.99 | U149: -21 | V149: -75.4 | W149: -1109.49 | X149: 0 | Y149: 53.44 | Z149: 0 | AA149: 27518 | AB149: 1.6668
A150: 121 | B150: -1156.71 | C150: 51.5 | D150: -0.135 | E150: - | F150: - | G150: 0.27 | H150: 1.317 | I150: 0.0729 | J150: 1.863 | K150: -0.25 | L150: -0.5 | M150: 0 | N150: -0.12 | O150: -0.38 | P150: no | Q150: no | R150: 0 | S150: -30 | T150: -15 | U150: -24.2 | V150: -76.4 | W150: -1156.71 | X150: 0 | Y150: 51.5 | Z150: 0 | AA150: 27645 | AB150: 1.6746
A151: 122 | B151: -1214.54 | C151: 48.93 | D151: -0.149 | E151: - | F151: - | G151: 0.27 | H151: 1.317 | I151: 0.0729 | J151: 1.77 | K151: -0.26 | L151: -0.5 | M151: -0.03 | N151: -0.14 | O151: -0.39 | P151: no | Q151: no | R151: -1.5 | S151: -30 | T151: -15.75 | U151: -28 | V151: -77.6 | W151: -1214.54 | X151: 0 | Y151: 48.93 | Z151: 0 | AA151: 27645 | AB151: 1.6746
A152: 123 | B152: -1272.38 | C152: 46.35 | D152: -0.165 | E152: - | F152: - | G152: 0.27 | H152: 1.317 | I152: 0.0729 | J152: 1.677 | K152: -0.28 | L152: -0.5 | M152: -0.05 | N152: -0.16 | O152: -0.39 | P152: no | Q152: no | R152: -3 | S152: -30 | T152: -16.5 | U152: -31.9 | V152: -78.8 | W152: -1272.38 | X152: 0 | Y152: 46.35 | Z152: 0 | AA152: 27645 | AB152: 1.6746
A153: 124 | B153: -1330.21 | C153: 43.78 | D153: -0.183 | E153: - | F153: - | G153: 0.27 | H153: 1.317 | I153: 0.0729 | J153: 1.583 | K153: -0.29 | L153: -0.5 | M153: -0.08 | N153: -0.18 | O153: -0.4 | P153: no | Q153: no | R153: -4.5 | S153: -30 | T153: -17.25 | U153: -35.7 | V153: -80 | W153: -1330.21 | X153: 0 | Y153: 43.78 | Z153: 0 | AA153: 27645 | AB153: 1.6746
A154: 125 | B154: -1388.05 | C154: 41.2 | D154: -0.203 | E154: - | F154: - | G154: 0.27 | H154: 1.317 | I154: 0.0729 | J154: 1.49 | K154: -0.3 | L154: -0.5 | M154: -0.1 | N154: -0.2 | O154: -0.41 | P154: no | Q154: no | R154: -6 | S154: -30 | T154: -18 | U154: -39.5 | V154: -81.2 | W154: -1388.05 | X154: 0 | Y154: 41.2 | Z154: 0 | AA154: 27645 | AB154: 1.6746
... A169: 140 | B169: -2255.58 | C169: 2.58 | D169: -5.265 | E169: - | F169: - | G169: 0.27 | H169: 1.317 | I169: 0.0729 | J169: 0.093 | K169: -0.49 | L169: -0.5 | M169: -0.48 | N169: -0.48 | O169: -0.5 | P169: no | Q169: no | R169: -28.5 | S169: -30 | T169: -29.25 | U169: -96.8 | V169: -99.4 | W169: -2255.58 | X169: 0 | Y169: 2.58 | Z169: 0 | AA169: 27645 | AB169: 1.6746
A170: 141 | B170: -2313.41 | C170: 0 | D170: {=-Infinity} -> #NAME? | E170: - | F170: - | G170: 0.27 | H170: 1.317 | I170: 0.0729 | J170: 0 | K170: -0.5 | L170: -0.5 | M170: -0.5 | N170: -0.5 | O170: -0.5 | P170: no | Q170: no | R170: -30 | S170: -30 | T170: -30 | U170: -100.6 | V170: -100.6 | W170: -2313.41 | X170: 0 | Y170: 0 | Z170: 0 | AA170: Infinity | AB170: Infinity
A171: 142 | B171: -2255.58 | C171: -2.58 | D171: 5.265 | E171: - | F171: - | G171: 0.27 | H171: 1.317 | I171: 0.0729 | J171: -0.093 | K171: -0.49 | L171: -0.48 | M171: -0.5 | N171: -0.48 | O171: -0.5 | P171: no | Q171: no | R171: -28.5 | S171: -30 | T171: -29.25 | U171: -96.8 | V171: -99.4 | W171: -2255.58 | X171: 0 | Y171: -2.58 | Z171: 0 | AA171: 27645 | AB171: 1.6746
A172: 143 | B172: -2197.74 | C172: -5.15 | D172: 2.565 | E172: - | F172: - | G172: 0.27 | H172: 1.317 | I172: 0.0729 | J172: -0.186 | K172: -0.48 | L172: -0.45 | M172: -0.5 | N172: -0.46 | O172: -0.49 | P172: no | Q172: no | R172: -27 | S172: -30 | T172: -28.5 | U172: -93 | V172: -98.2 | W172: -2197.74 | X172: 0 | Y172: -5.15 | Z172: 0 | AA172: 27645 | AB172: 1.6746
A173: 144 | B173: -2139.91 | C173: -7.73 | D173: 1.665 | E173: - | F173: - | G173: 0.27 | H173: 1.317 | I173: 0.0729 | J173: -0.279 | K173: -0.47 | L173: -0.43 | M173: -0.5 | N173: -0.45 | O173: -0.48 | P173: no | Q173: no | R173: -25.5 | S173: -30 | T173: -27.75 | U173: -89.1 | V173: -97 | W173: -2139.91 | X173: 0 | Y173: -7.73 | Z173: 0 | AA173: 27645 | AB173: 1.6746
A174: 145 | B174: -2082.07 | C174: -10.3 | D174: 1.215 | E174: - | F174: - | G174: 0.27 | H174: 1.317 | I174: 0.0729 | J174: -0.373 | K174: -0.45 | L174: -0.4 | M174: -0.5 | N174: -0.43 | O174: -0.48 | P174: no | Q174: no | R174: -24 | S174: -30 | T174: -27 | U174: -85.3 | V174: -95.8 | W174: -2082.07 | X174: 0 | Y174: -10.3 | Z174: 0 | AA174: 27645 | AB174: 1.6746
A175: 146 | B175: -2024.24 | C175: -12.88 | D175: 0.945 | E175: - | F175: - | G175: 0.27 | H175: 1.317 | I175: 0.0729 | J175: -0.466 | K175: -0.44 | L175: -0.38 | M175: -0.5 | N175: -0.41 | O175: -0.47 | P175: no | Q175: no | R175: -22.5 | S175: -30 | T175: -26.25 | U175: -81.5 | V175: -94.5 | W175: -2024.24 | X175: 0 | Y175: -12.88 | Z175: 0 | AA175: 27645 | AB175: 1.6746
A176: 147 | B176: -1966.4 | C176: -15.45 | D176: 0.765 | E176: - | F176: - | G176: 0.27 | H176: 1.317 | I176: 0.0729 | J176: -0.559 | K176: -0.43 | L176: -0.35 | M176: -0.5 | N176: -0.39 | O176: -0.47 | P176: no | Q176: no | R176: -21 | S176: -30 | T176: -25.5 | U176: -77.7 | V176: -93.3 | W176: -1966.4 | X176: 0 | Y176: -15.45 | Z176: 0 | AA176: 27645 | AB176: 1.6746
A177: 148 | B177: -1908.57 | C177: -18.03 | D177: 0.636 | E177: - | F177: - | G177: 0.27 | H177: 1.317 | I177: 0.0729 | J177: -0.652 | K177: -0.41 | L177: -0.33 | M177: -0.5 | N177: -0.37 | O177: -0.46 | P177: no | Q177: no | R177: -19.5 | S177: -30 | T177: -24.75 | U177: -73.9 | V177: -92.1 | W177: -1908.57 | X177: 0 | Y177: -18.03 | Z177: 0 | AA177: 27645 | AB177: 1.6746
A178: 149 | B178: -1850.73 | C178: -20.6 | D178: 0.54 | E178: - | F178: - | G178: 0.27 | H178: 1.317 | I178: 0.0729 | J178: -0.745 | K178: -0.4 | L178: -0.3 | M178: -0.5 | N178: -0.35 | O178: -0.45 | P178: no | Q178: no | R178: -18 | S178: -30 | T178: -24 | U178: -70 | V178: -90.9 | W178: -1850.73 | X178: 0 | Y178: -20.6 | Z178: 0 | AA178: 27645 | AB178: 1.6746
A179: 150 | B179: -1792.89 | C179: -23.18 | D179: 0.465 | E179: - | F179: - | G179: 0.27 | H179: 1.317 | I179: 0.0729 | J179: -0.838 | K179: -0.39 | L179: -0.28 | M179: -0.5 | N179: -0.33 | O179: -0.45 | P179: no | Q179: no | R179: -16.5 | S179: -30 | T179: -23.25 | U179: -66.2 | V179: -89.7 | W179: -1792.89 | X179: 0 | Y179: -23.18 | Z179: 0 | AA179: 27645 | AB179: 1.6746
A180: 151 | B180: -1735.06 | C180: -25.75 | D180: 0.405 | E180: - | F180: - | G180: 0.27 | H180: 1.317 | I180: 0.0729 | J180: -0.931 | K180: -0.38 | L180: -0.25 | M180: -0.5 | N180: -0.31 | O180: -0.44 | P180: no | Q180: no | R180: -15 | S180: -30 | T180: -22.5 | U180: -62.4 | V180: -88.5 | W180: -1735.06 | X180: 0 | Y180: -25.75 | Z180: 0 | AA180: 27645 | AB180: 1.6746
A181: 152 | B181: -1677.22 | C181: -28.33 | D181: 0.356 | E181: - | F181: - | G181: 0.27 | H181: 1.317 | I181: 0.0729 | J181: -1.025 | K181: -0.36 | L181: -0.23 | M181: -0.5 | N181: -0.29 | O181: -0.44 | P181: no | Q181: no | R181: -13.5 | S181: -30 | T181: -21.75 | U181: -58.6 | V181: -87.3 | W181: -1677.22 | X181: 0 | Y181: -28.33 | Z181: 0 | AA181: 27645 | AB181: 1.6746
A182: 153 | B182: -1619.39 | C182: -30.9 | D182: 0.315 | E182: - | F182: - | G182: 0.27 | H182: 1.317 | I182: 0.0729 | J182: -1.118 | K182: -0.35 | L182: -0.2 | M182: -0.5 | N182: -0.27 | O182: -0.43 | P182: no | Q182: no | R182: -12 | S182: -30 | T182: -21 | U182: -54.8 | V182: -86.1 | W182: -1619.39 | X182: 0 | Y182: -30.9 | Z182: 0 | AA182: 27645 | AB182: 1.6746
... A197: 168 | B197: -887.43 | C197: -58.29 | D197: 0.073 | E197: - | F197: - | G197: 0.208 | H197: 1.015 | I197: 0.0561 | J197: -2.416 | K197: -0.18 | L197: 0.15 | M197: -0.5 | N197: -0.01 | O197: -0.35 | P197: no | Q197: no | R197: 0 | S197: -30 | T197: -15.02 | U197: -1.5 | V197: -69.2 | W197: -887.43 | X197: 0 | Y197: -58.29 | Z197: 0 | AA197: 24122 | AB197: 1.4612
A198: 169 | B198: -858.03 | C198: -58.43 | D198: 0.067 | E198: 0.138 | F198: 0.673 | G198: 0.202 | H198: 0.983 | I198: 0.0543 | J198: -2.496 | K198: -0.17 | L198: 0.17 | M198: -0.5 | N198: 0.01 | O198: -0.34 | P198: no | Q198: no | R198: 0 | S198: -30 | T198: -15.03 | U198: 1.7 | V198: -68.2 | W198: -859.11 | X198: 1.08 | Y198: -58.35 | Z198: -0.08 | AA198: 23414 | AB198: 1.4182
A199: 170 | B199: -830.28 | C199: -58.46 | D199: 0.06 | E199: 0.14 | F199: 0.682 | G199: 0.195 | H199: 0.953 | I199: 0.0529 | J199: -2.575 | K199: -0.16 | L199: 0.19 | M199: -0.5 | N199: 0.02 | O199: -0.34 | P199: no | Q199: no | R199: 0 | S199: -30 | T199: -14.97 | U199: 5 | V199: -67.1 | W199: -833.4 | X199: 3.12 | Y199: -58.24 | Z199: -0.22 | AA199: 22706 | AB199: 1.3754
A200: 171 | B200: -804.01 | C200: -58.4 | D200: 0.055 | E200: 0.142 | F200: 0.691 | G200: 0.19 | H200: 0.925 | I200: 0.051 | J200: -2.654 | K200: -0.14 | L200: 0.21 | M200: -0.5 | N200: 0.04 | O200: -0.33 | P200: no | Q200: no | R200: 0 | S200: -30 | T200: -15.04 | U200: 8.2 | V200: -66.1 | W200: -809.17 | X200: 5.15 | Y200: -58.04 | Z200: -0.36 | AA200: 22007 | AB200: 1.333
A201: 172 | B201: -779.12 | C201: -58.26 | D201: 0.049 | E201: 0.143 | F201: 0.7 | G201: 0.184 | H201: 0.898 | I201: 0.0496 | J201: -2.733 | K201: -0.13 | L201: 0.23 | M201: -0.5 | N201: 0.06 | O201: -0.33 | P201: no | Q201: no | R201: 0 | S201: -30 | T201: -15.04 | U201: 11.4 | V201: -65.1 | W201: -786.31 | X201: 7.19 | Y201: -57.76 | Z201: -0.5 | AA201: 21321 | AB201: 1.2914
A202: 173 | B202: -755.47 | C202: -58.07 | D202: 0.044 | E202: 0.145 | F202: 0.708 | G202: 0.179 | H202: 0.873 | I202: 0.0485 | J202: -2.812 | K202: -0.12 | L202: 0.26 | M202: -0.5 | N202: 0.07 | O202: -0.32 | P202: no | Q202: no | R202: 0 | S202: -30 | T202: -14.94 | U202: 14.7 | V202: -64 | W202: -764.7 | X202: 9.23 | Y202: -57.42 | Z202: -0.65 | AA202: 20651 | AB202: 1.2509
A203: 174 | B203: -732.98 | C203: -57.82 | D203: 0.039 | E203: 0.147 | F203: 0.715 | G203: 0.174 | H203: 0.849 | I203: 0.047 | J203: -2.891 | K203: -0.11 | L203: 0.28 | M203: -0.5 | N203: 0.09 | O203: -0.32 | P203: no | Q203: no | R203: 0 | S203: -30 | T203: -14.99 | U203: 17.9 | V203: -63 | W203: -744.24 | X203: 11.27 | Y203: -57.03 | Z203: -0.79 | AA203: 20001 | AB203: 1.2115
A204: 175 | B204: -711.52 | C204: -57.53 | D204: 0.034 | E204: 0.148 | F204: 0.722 | G204: 0.169 | H204: 0.826 | I204: 0.0456 | J204: -2.97 | K204: -0.1 | L204: 0.3 | M204: -0.5 | N204: 0.11 | O204: -0.31 | P204: no | Q204: no | R204: 0 | S204: -30 | T204: -15.05 | U204: 21.2 | V204: -62 | W204: -724.83 | X204: 13.3 | Y204: -56.6 | Z204: -0.93 | AA204: 19371 | AB204: 1.1734
A205: 176 | B205: -691.06 | C205: -57.21 | D205: 0.03 | E205: 0.149 | F205: 0.729 | G205: 0.165 | H205: 0.805 | I205: 0.0445 | J205: -3.049 | K205: -0.09 | L205: 0.32 | M205: -0.5 | N205: 0.12 | O205: -0.3 | P205: no | Q205: no | R205: 0 | S205: -30 | T205: -15.02 | U205: 24.4 | V205: -61 | W205: -706.4 | X205: 15.34 | Y205: -56.14 | Z205: -1.07 | AA205: 18763 | AB205: 1.1365
A206: 177 | B206: -671.49 | C206: -56.86 | D206: 0.026 | E206: 0.151 | F206: 0.735 | G206: 0.161 | H206: 0.784 | I206: 0.0434 | J206: -3.128 | K206: -0.08 | L206: 0.34 | M206: -0.5 | N206: 0.14 | O206: -0.3 | P206: no | Q206: no | R206: 0 | S206: -30 | T206: -15.01 | U206: 27.7 | V206: -59.9 | W206: -688.86 | X206: 17.38 | Y206: -55.64 | Z206: -1.22 | AA206: 18177 | AB206: 1.101
A207: 178 | B207: -652.75 | C207: -56.49 | D207: 0.022 | E207: 0.152 | F207: 0.742 | G207: 0.157 | H207: 0.765 | I207: 0.0423 | J207: -3.207 | K207: -0.07 | L207: 0.36 | M207: -0.5 | N207: 0.15 | O207: -0.29 | P207: no | Q207: no | R207: 0 | S207: -30 | T207: -15.02 | U207: 30.9 | V207: -58.9 | W207: -672.16 | X207: 19.41 | Y207: -55.13 | Z207: -1.36 | AA207: 17614 | AB207: 1.0669
A208: 179 | B208: -634.77 | C208: -56.1 | D208: 0.018 | E208: 0.153 | F208: 0.747 | G208: 0.153 | H208: 0.747 | I208: 0.0412 | J208: -3.286 | K208: -0.06 | L208: 0.38 | M208: -0.5 | N208: 0.17 | O208: -0.29 | P208: no | Q208: no | R208: 0 | S208: -30 | T208: -15.05 | U208: 34.1 | V208: -57.9 | W208: -656.23 | X208: 21.45 | Y208: -54.6 | Z208: -1.5 | AA208: 17072 | AB208: 1.0341
A209: 180 | B209: -617.53 | C209: -55.7 | D209: 0.014 | E209: 0.154 | F209: 0.753 | G209: 0.149 | H209: 0.729 | I209: 0.0405 | J209: -3.365 | K209: -0.05 | L209: 0.41 | M209: -0.5 | N209: 0.19 | O209: -0.28 | P209: no | Q209: no | R209: 0 | S209: -30 | T209: -14.96 | U209: 37.4 | V209: -56.8 | W209: -641.02 | X209: 23.49 | Y209: -54.06 | Z209: -1.64 | AA209: 16552 | AB209: 1.0026
... A294: 265 | B294: 228.69 | C294: -11.04 | D294: -0.122 | E294: 0.171 | F294: 0.833 | G294: 0.013 | H294: 0.064 | I294: 0.0036 | J294: -7.817 | K294: 0.95 | L294: 2.01 | M294: -0.1 | N294: 1.5 | O294: 0.41 | P294: no | Q294: no | R294: 0 | S294: -6.11 | T294: -2.96 | U294: 300 | V294: 81.1 | W294: -10.79 | X294: 239.48 | Y294: -1.41 | Z294: -9.63 | AA294: 1412 | AB294: 0.0855
A295: 266 | B295: 248.07 | C295: -9.02 | D295: -0.135 | E295: - | F295: - | G295: 0 | H295: 0.001 | I295: 0 | J295: -7.328 | K295: 0.99 | L295: 1.98 | M295: 0 | N295: 1.5 | O295: 0.47 | P295: no | Q295: no | R295: 0 | S295: -0.13 | T295: 0 | U295: 300 | V295: 94.8 | W295: 0 | X295: 248.07 | Y295: 0 | Z295: -9.02 | AA295: 1232 | AB295: 0.0746
A296: 267 | B296: 256.67 | C296: -8.42 | D296: -0.149 | E296: - | F296: - | G296: 0 | H296: 0 | I296: 0 | J296: -6.839 | K296: 1.02 | L296: 1.94 | M296: 0.1 | N296: 1.5 | O296: 0.54 | P296: no | Q296: no | R296: 0 | S296: 0 | T296: 0 | U296: 300 | V296: 108.5 | W296: 0 | X296: 256.67 | Y296: 0 | Z296: -8.42 | AA296: 1232 | AB296: 0.0746
A297: 268 | B297: 265.26 | C297: -7.82 | D297: -0.166 | E297: - | F297: - | G297: 0 | H297: 0 | I297: 0 | J297: -6.351 | K297: 1.06 | L297: 1.91 | M297: 0.2 | N297: 1.5 | O297: 0.61 | P297: no | Q297: no | R297: 0 | S297: 0 | T297: 0 | U297: 300 | V297: 122.2 | W297: 0 | X297: 265.26 | Y297: 0 | Z297: -7.82 | AA297: 1232 | AB297: 0.0746
A298: 269 | B298: 273.85 | C298: -7.22 | D298: -0.186 | E298: - | F298: - | G298: 0 | H298: 0 | I298: 0 | J298: -5.862 | K298: 1.09 | L298: 1.88 | M298: 0.3 | N298: 1.5 | O298: 0.68 | P298: no | Q298: no | R298: 0 | S298: 0 | T298: 0 | U298: 300 | V298: 135.9 | W298: 0 | X298: 273.85 | Y298: 0 | Z298: -7.22 | AA298: 1232 | AB298: 0.0746
A299: 270 | B299: 282.45 | C299: -6.62 | D299: -0.209 | E299: - | F299: - | G299: 0 | H299: 0 | I299: 0 | J299: -5.374 | K299: 1.12 | L299: 1.85 | M299: 0.4 | N299: 1.5 | O299: 0.75 | P299: no | Q299: no | R299: 0 | S299: 0 | T299: 0 | U299: 300 | V299: 149.5 | W299: 0 | X299: 282.45 | Y299: 0 | Z299: -6.62 | AA299: 1232 | AB299: 0.0746
...

Sheet parabolic
A1: Copy to Clipboard
A2: Interaction diagram - Axial force resistance NRd vs bending moment resistance MRd
A3: N-M interaction | B3: Lever arm & neutral axis | C3: Curvature & strains | D3: Stresses | E3: Internal forces & moments | F3: Effective stiffness
A4: # | B4: Design axial force resistance
A5: NRd [kN] | B5: Design bending moment resistance
A6: MRd [kNm] | B6: Location of neutral axis from centroid
A7: yn [m] | B7: Lever arm of internal forces
A8: z [m] | B8: Normalized level arm
A9: z/d [-] | B9: Depth of compressive zone
A10: x [m] | B10: Normalized depth of compressive zone
A11: x/d [-] | B11: Area of compressive zone
A12: AC [m2] | B12: Curvature
A13: φ [×10−3 m−1] | B13: Strain at centroid
A14: ε0 [‰] | B14: Top concrete strain
A15: εc,top [‰] | B15: Bottom concrete strain
... A17: εs,max [‰] | B17: Minimum reinforcement strain
A18: εs,min [‰] | B18: Reinforcement yield in tension | C18: Reinforcement yield in compression | D18: Maximum concrete stress
A19: σc,max [MPa] | B19: Minimum concrete stress
A20: σc,min [MPa] | B20: Average concrete stress
A21: σc,ave [MPa] | B21: Maximum reinforcement stress
A22: σs,max [MPa] | B22: Minimum reinforcement stress
A23: σs,min [MPa] | B23: Internal compression force
A24: FC [kN] | B24: Internal tension force
A25: FT [kN] | B25: Internal compression moment
A26: MC [kNm] | B26: Internal tension moment
A27: MT [kNm] | B27: Effective bending stiffness
A28: (EI)eff [kNm2] | B28: Effective bending stiffness ratio
A29: (EI)eff / (EI)gross [-]
A30: 1 | B30: 502.65 | C30: 0 | D30: Infinity | E30: - | F30: - | G30: 0 | H30: 0 | I30: 0 | J30: 0 | K30: 2 | L30: 2 | M30: 2 | N30: 2 | O30: 2 | P30: no | Q30: no | R30: 0 | S30: 0 | T30: 0 | U30: 400 | V30: 400 | W30: 0 | X30: 502.65 | Y30: 0 | Z30: 0 | AA30: NaN | AB30: NaN
A31: 2 | B31: 490.92 | C31: 0.82 | D31: 2.928 | E31: - | F31: - | G31: 0 | H31: 0 | I31: 0 | J31: 0.667 | K31: 1.95 | L31: 1.86 | M31: 2.04 | N31: 2 | O31: 1.91 | P31: no | Q31: no | R31: 0 | S31: 0 | T31: 0 | U31: 400 | V31: 381.3 | W31: 0 | X31: 490.92 | Y31: 0 | Z31: 0.82 | AA31: 1232 | AB31: 0.0746
A32: 3 | B32: 479.18 | C32: 1.64 | D32: 1.429 | E32: - | F32: - | G32: 0 | H32: 0 | I32: 0 | J32: 1.334 | K32: 1.91 | L32: 1.73 | M32: 2.09 | N32: 2 | O32: 1.81 | P32: no | Q32: no | R32: 0 | S32: 0 | T32: 0 | U32: 400 | V32: 362.6 | W32: 0 | X32: 479.18 | Y32: 0 | Z32: 1.64 | AA32: 1232 | AB32: 0.0746
A33: 4 | B33: 467.45 | C33: 2.46 | D33: 0.929 | E33: - | F33: - | G33: 0 | H33: 0 | I33: 0 | J33: 2.001 | K33: 1.86 | L33: 1.59 | M33: 2.13 | N33: 2 | O33: 1.72 | P33: no | Q33: no | R33: 0 | S33: 0 | T33: 0 | U33: 400 | V33: 344 | W33: 0 | X33: 467.45 | Y33: 0 | Z33: 2.46 | AA33: 1232 | AB33: 0.0746
A34: 5 | B34: 455.71 | C34: 3.29 | D34: 0.68 | E34: - | F34: - | G34: 0 | H34: 0 | I34: 0 | J34: 2.668 | K34: 1.81 | L34: 1.45 | M34: 2.17 | N34: 2 | O34: 1.63 | P34: no | Q34: no | R34: 0 | S34: 0 | T34: 0 | U34: 400 | V34: 325.3 | W34: 0 | X34: 455.71 | Y34: 0 | Z34: 3.29 | AA34: 1232 | AB34: 0.0746
A35: 6 | B35: 443.97 | C35: 4.11 | D35: 0.53 | E35: - | F35: - | G35: 0 | H35: 0 | I35: 0 | J35: 3.335 | K35: 1.77 | L35: 1.32 | M35: 2.22 | N35: 2 | O35: 1.53 | P35: no | Q35: no | R35: 0 | S35: 0 | T35: 0 | U35: 400 | V35: 306.6 | W35: 0 | X35: 443.97 | Y35: 0 | Z35: 4.11 | AA35: 1232 | AB35: 0.0746
A36: 7 | B36: 432.24 | C36: 4.93 | D36: 0.43 | E36: - | F36: - | G36: 0 | H36: 0 | I36: 0 | J36: 4.003 | K36: 1.72 | L36: 1.18 | M36: 2.26 | N36: 2 | O36: 1.44 | P36: no | Q36: no | R36: 0 | S36: 0 | T36: 0 | U36: 400 | V36: 287.9 | W36: 0 | X36: 432.24 | Y36: 0 | Z36: 4.93 | AA36: 1232 | AB36: 0.0746
A37: 8 | B37: 420.5 | C37: 5.75 | D37: 0.358 | E37: - | F37: - | G37: 0 | H37: 0 | I37: 0 | J37: 4.67 | K37: 1.67 | L37: 1.04 | M37: 2.3 | N37: 2 | O37: 1.35 | P37: no | Q37: no | R37: 0 | S37: 0 | T37: 0 | U37: 400 | V37: 269.2 | W37: 0 | X37: 420.5 | Y37: 0 | Z37: 5.75 | AA37: 1232 | AB37: 0.0746
A38: 9 | B38: 408.77 | C38: 6.57 | D38: 0.305 | E38: - | F38: - | G38: 0 | H38: 0 | I38: 0 | J38: 5.337 | K38: 1.63 | L38: 0.91 | M38: 2.35 | N38: 2 | O38: 1.25 | P38: no | Q38: no | R38: 0 | S38: 0 | T38: 0 | U38: 400 | V38: 250.6 | W38: 0 | X38: 408.77 | Y38: 0 | Z38: 6.57 | AA38: 1232 | AB38: 0.0746
A39: 10 | B39: 397.03 | C39: 7.39 | D39: 0.263 | E39: - | F39: - | G39: 0 | H39: 0 | I39: 0 | J39: 6.004 | K39: 1.58 | L39: 0.77 | M39: 2.39 | N39: 2 | O39: 1.16 | P39: no | Q39: no | R39: 0 | S39: 0 | T39: 0 | U39: 400 | V39: 231.9 | W39: 0 | X39: 397.03 | Y39: 0 | Z39: 7.39 | AA39: 1232 | AB39: 0.0746
A40: 11 | B40: 385.29 | C40: 8.22 | D40: 0.23 | E40: - | F40: - | G40: 0 | H40: 0 | I40: 0 | J40: 6.671 | K40: 1.53 | L40: 0.63 | M40: 2.43 | N40: 2 | O40: 1.07 | P40: no | Q40: no | R40: 0 | S40: 0 | T40: 0 | U40: 400 | V40: 213.2 | W40: 0 | X40: 385.29 | Y40: 0 | Z40: 8.22 | AA40: 1232 | AB40: 0.0746
A41: 12 | B41: 373.56 | C41: 9.04 | D41: 0.203 | E41: - | F41: - | G41: 0 | H41: 0 | I41: 0 | J41: 7.338 | K41: 1.49 | L41: 0.5 | M41: 2.48 | N41: 2 | O41: 0.97 | P41: no | Q41: no | R41: 0 | S41: 0 | T41: 0 | U41: 400 | V41: 194.5 | W41: 0 | X41: 373.56 | Y41: 0 | Z41: 9.04 | AA41: 1232 | AB41: 0.0746
A42: 13 | B42: 361.82 | C42: 9.86 | D42: 0.18 | E42: - | F42: - | G42: 0 | H42: 0 | I42: 0 | J42: 8.005 | K42: 1.44 | L42: 0.36 | M42: 2.52 | N42: 2 | O42: 0.88 | P42: no | Q42: no | R42: 0 | S42: 0 | T42: 0 | U42: 400 | V42: 175.9 | W42: 0 | X42: 361.82 | Y42: 0 | Z42: 9.86 | AA42: 1232 | AB42: 0.0746
... A44: 15 | B44: 338.35 | C44: 11.5 | D44: 0.144 | E44: - | F44: - | G44: 0 | H44: 0 | I44: 0 | J44: 9.339 | K44: 1.35 | L44: 0.09 | M44: 2.61 | N44: 2 | O44: 0.69 | P44: no | Q44: no | R44: 0 | S44: 0 | T44: 0 | U44: 400 | V44: 138.5 | W44: 0 | X44: 338.35 | Y44: 0 | Z44: 11.5 | AA44: 1232 | AB44: 0.0746
A45: 16 | B45: 324.86 | C45: 12.56 | D45: 0.13 | E45: 0.171 | F45: 0.834 | G45: 0.005 | H45: 0.025 | I45: 0.0015 | J45: 10.006 | K45: 1.3 | L45: -0.05 | M45: 2.65 | N45: 2 | O45: 0.6 | P45: no | Q45: no | R45: 0 | S45: -2.53 | T45: -1.2 | U45: 400 | V45: 119.8 | W45: -1.76 | X45: 326.61 | Y45: 0.23 | Z45: 12.32 | AA45: 1255 | AB45: 0.076
A46: 17 | B46: 293.21 | C46: 15.94 | D46: 0.117 | E46: 0.171 | F46: 0.833 | G46: 0.018 | H46: 0.086 | I46: 0.0047 | J46: 10.674 | K46: 1.25 | L46: -0.19 | M46: 2.69 | N46: 2 | O46: 0.51 | P46: no | Q46: no | R46: 0 | S46: -8.96 | T46: -4.57 | U46: 400 | V46: 101.1 | W46: -21.67 | X46: 314.88 | Y46: 2.8 | Z46: 13.14 | AA46: 1494 | AB46: 0.0905
A47: 18 | B47: 243.74 | C47: 21.41 | D47: 0.106 | E47: 0.171 | F47: 0.836 | G47: 0.029 | H47: 0.14 | I47: 0.0077 | J47: 11.341 | K47: 1.21 | L47: -0.32 | M47: 2.74 | N47: 2 | O47: 0.41 | P47: no | Q47: no | R47: 0 | S47: -14.92 | T47: -7.76 | U47: 400 | V47: 82.5 | W47: -59.4 | X47: 303.14 | Y47: 7.44 | Z47: 13.97 | AA47: 1888 | AB47: 0.1143
A48: 19 | B48: 180.88 | C48: 28.26 | D48: 0.097 | E48: 0.173 | F48: 0.842 | G48: 0.038 | H48: 0.188 | I48: 0.0102 | J48: 12.008 | K48: 1.16 | L48: -0.46 | M48: 2.78 | N48: 2 | O48: 0.32 | P48: no | Q48: no | R48: 0 | S48: -20.42 | T48: -10.83 | U48: 400 | V48: 63.8 | W48: -110.52 | X48: 291.4 | Y48: 13.47 | Z48: 14.79 | AA48: 2354 | AB48: 0.1426
A49: 20 | B49: 108.02 | C49: 36 | D49: 0.088 | E49: 0.175 | F49: 0.852 | G49: 0.047 | H49: 0.23 | I49: 0.0128 | J49: 12.675 | K49: 1.11 | L49: -0.6 | M49: 2.82 | N49: 2 | O49: 0.23 | P49: no | Q49: no | R49: 0 | S49: -25.44 | T49: -13.45 | U49: 400 | V49: 45.1 | W49: -171.65 | X49: 279.67 | Y49: 20.4 | Z49: 15.61 | AA49: 2841 | AB49: 0.1721
A50: 21 | B50: 28.05 | C50: 44.25 | D50: 0.08 | E50: 0.177 | F50: 0.865 | G50: 0.055 | H50: 0.269 | I50: 0.0149 | J50: 13.342 | K50: 1.07 | L50: -0.74 | M50: 2.87 | N50: 2 | O50: 0.13 | P50: no | Q50: no | R50: 0 | S50: -30 | T50: -16.05 | U50: 400 | V50: 26.4 | W50: -239.89 | X50: 267.93 | Y50: 27.82 | Z50: 16.43 | AA50: 3317 | AB50: 0.2009
A51: 22 | B51: 22.52 | C51: 44.31 | D51: 0.079 | E51: 0.178 | F51: 0.866 | G51: 0.056 | H51: 0.271 | I51: 0.0149 | J51: 13.236 | K51: 1.05 | L51: -0.74 | M51: 2.84 | N51: 1.98 | O51: 0.13 | P51: no | Q51: no | R51: 0 | S51: -30 | T51: -16.18 | U51: 395.6 | V51: 25 | W51: -241.81 | X51: 264.33 | Y51: 28.01 | Z51: 16.3 | AA51: 3348 | AB51: 0.2028
A52: 23 | B52: 16.99 | C52: 44.37 | D52: 0.079 | E52: 0.178 | F52: 0.867 | G52: 0.056 | H52: 0.273 | I52: 0.0149 | J52: 13.13 | K52: 1.04 | L52: -0.74 | M52: 2.81 | N52: 1.96 | O52: 0.12 | P52: no | Q52: no | R52: 0 | S52: -30 | T52: -16.31 | U52: 391.3 | V52: 23.7 | W52: -243.74 | X52: 260.73 | Y52: 28.2 | Z52: 16.17 | AA52: 3379 | AB52: 0.2047
A53: 24 | B53: 11.37 | C53: 44.43 | D53: 0.079 | E53: 0.178 | F53: 0.868 | G53: 0.056 | H53: 0.275 | I53: 0.0153 | J53: 13.023 | K53: 1.02 | L53: -0.74 | M53: 2.78 | N53: 1.93 | O53: 0.11 | P53: no | Q53: no | R53: 0 | S53: -30 | T53: -16.05 | U53: 386.9 | V53: 22.3 | W53: -245.75 | X53: 257.12 | Y53: 28.39 | Z53: 16.04 | AA53: 3411 | AB53: 0.2066
A54: 25 | B54: 5.74 | C54: 44.49 | D54: 0.078 | E54: 0.178 | F54: 0.869 | G54: 0.057 | H54: 0.278 | I54: 0.0153 | J54: 12.917 | K54: 1.01 | L54: -0.74 | M54: 2.75 | N54: 1.91 | O54: 0.1 | P54: no | Q54: no | R54: 0 | S54: -30 | T54: -16.18 | U54: 382.6 | V54: 20.9 | W54: -247.78 | X54: 253.52 | Y54: 28.58 | Z54: 15.91 | AA54: 3444 | AB54: 0.2086
A55: 26 | B55: 0.12 | C55: 44.55 | D55: 0.078 | E55: 0.178 | F55: 0.87 | G55: 0.057 | H55: 0.28 | I55: 0.0157 | J55: 12.811 | K55: 0.99 | L55: -0.74 | M55: 2.72 | N55: 1.89 | O55: 0.1 | P55: no | Q55: no | R55: 0 | S55: -30 | T55: -15.94 | U55: 378.2 | V55: 19.5 | W55: -249.79 | X55: 249.92 | Y55: 28.78 | Z55: 15.78 | AA55: 3478 | AB55: 0.2107
A56: 27 | B56: -5.61 | C56: 44.63 | D56: 0.077 | E56: 0.179 | F56: 0.871 | G56: 0.058 | H56: 0.282 | I56: 0.0157 | J56: 12.705 | K56: 0.98 | L56: -0.74 | M56: 2.7 | N56: 1.87 | O56: 0.09 | P56: no | Q56: no | R56: 0 | S56: -30 | T56: -16.07 | U56: 373.9 | V56: 18.1 | W56: -251.92 | X56: 246.31 | Y56: 28.98 | Z56: 15.65 | AA56: 3513 | AB56: 0.2128
... A141: 112 | B141: -930.06 | C141: 62.01 | D141: -0.065 | E141: 0.136 | F141: 0.665 | G141: 0.2 | H141: 0.975 | I141: 0.0539 | J141: 3.678 | K141: -0.24 | L141: -0.74 | M141: 0.26 | N141: 0.02 | O141: -0.5 | P141: no | Q141: no | R141: 0 | S141: -30 | T141: -16.13 | U141: 3.8 | V141: -99.2 | W141: -932.45 | X141: 2.38 | Y141: 61.84 | Z141: 0.17 | AA141: 16858 | AB141: 1.0211
A142: 113 | B142: -959.53 | C142: 61.75 | D142: -0.071 | E142: - | F142: - | G142: 0.206 | H142: 1.004 | I142: 0.0554 | J142: 3.572 | K142: -0.25 | L142: -0.74 | M142: 0.23 | N142: 0 | O142: -0.5 | P142: no | Q142: no | R142: 0 | S142: -30 | T142: -16.17 | U142: -0.6 | V142: -100.6 | W142: -959.53 | X142: 0 | Y142: 61.75 | Z142: 0 | AA142: 17287 | AB142: 1.0471
A143: 114 | B143: -990.59 | C143: 61.37 | D143: -0.077 | E143: - | F143: - | G143: 0.212 | H143: 1.035 | I143: 0.0572 | J143: 3.466 | K143: -0.27 | L143: -0.74 | M143: 0.2 | N143: -0.02 | O143: -0.51 | P143: no | Q143: no | R143: 0 | S143: -30 | T143: -16.14 | U143: -4.9 | V143: -102 | W143: -990.59 | X143: 0 | Y143: 61.37 | Z143: 0 | AA143: 17706 | AB143: 1.0725
A144: 115 | B144: -1023.38 | C144: 60.84 | D144: -0.084 | E144: - | F144: - | G144: 0.219 | H144: 1.067 | I144: 0.059 | J144: 3.36 | K144: -0.28 | L144: -0.74 | M144: 0.17 | N144: -0.05 | O144: -0.52 | P144: no | Q144: no | R144: 0 | S144: -30 | T144: -16.13 | U144: -9.3 | V144: -103.3 | W144: -1023.38 | X144: 0 | Y144: 60.84 | Z144: 0 | AA144: 18108 | AB144: 1.0969
A145: 116 | B145: -1058.07 | C145: 60.14 | D145: -0.091 | E145: - | F145: - | G145: 0.226 | H145: 1.102 | I145: 0.0609 | J145: 3.254 | K145: -0.3 | L145: -0.74 | M145: 0.14 | N145: -0.07 | O145: -0.52 | P145: no | Q145: no | R145: 0 | S145: -30 | T145: -16.16 | U145: -13.6 | V145: -104.7 | W145: -1058.07 | X145: 0 | Y145: 60.14 | Z145: 0 | AA145: 18483 | AB145: 1.1196
A146: 117 | B146: -1094.87 | C146: 59.22 | D146: -0.099 | E146: - | F146: - | G146: 0.234 | H146: 1.139 | I146: 0.0631 | J146: 3.147 | K146: -0.31 | L146: -0.74 | M146: 0.11 | N146: -0.09 | O146: -0.53 | P146: no | Q146: no | R146: 0 | S146: -30 | T146: -16.13 | U146: -18 | V146: -106.1 | W146: -1094.87 | X146: 0 | Y146: 59.22 | Z146: 0 | AA146: 18817 | AB146: 1.1398
A147: 118 | B147: -1133.98 | C147: 58.07 | D147: -0.107 | E147: - | F147: - | G147: 0.242 | H147: 1.179 | I147: 0.0652 | J147: 3.041 | K147: -0.32 | L147: -0.74 | M147: 0.09 | N147: -0.11 | O147: -0.54 | P147: no | Q147: no | R147: 0 | S147: -30 | T147: -16.13 | U147: -22.3 | V147: -107.5 | W147: -1133.98 | X147: 0 | Y147: 58.07 | Z147: 0 | AA147: 19093 | AB147: 1.1565
A148: 119 | B148: -1175.66 | C148: 56.61 | D148: -0.115 | E148: - | F148: - | G148: 0.25 | H148: 1.222 | I148: 0.0678 | J148: 2.935 | K148: -0.34 | L148: -0.74 | M148: 0.06 | N148: -0.13 | O148: -0.54 | P148: no | Q148: no | R148: 0 | S148: -30 | T148: -16.08 | U148: -26.7 | V148: -108.9 | W148: -1175.66 | X148: 0 | Y148: 56.61 | Z148: 0 | AA148: 19289 | AB148: 1.1684
A149: 120 | B149: -1220.2 | C149: 54.8 | D149: -0.125 | E149: - | F149: - | G149: 0.26 | H149: 1.268 | I149: 0.07 | J149: 2.829 | K149: -0.35 | L149: -0.74 | M149: 0.03 | N149: -0.16 | O149: -0.55 | P149: no | Q149: no | R149: 0 | S149: -30 | T149: -16.17 | U149: -31 | V149: -110.2 | W149: -1220.2 | X149: 0 | Y149: 54.8 | Z149: 0 | AA149: 19372 | AB149: 1.1734
A150: 121 | B150: -1267.94 | C150: 52.56 | D150: -0.135 | E150: - | F150: - | G150: 0.27 | H150: 1.317 | I150: 0.0729 | J150: 2.723 | K150: -0.37 | L150: -0.74 | M150: 0 | N150: -0.18 | O150: -0.56 | P150: no | Q150: no | R150: 0 | S150: -30 | T150: -16.13 | U150: -35.4 | V150: -111.6 | W150: -1267.94 | X150: 0 | Y150: 52.56 | Z150: 0 | AA150: 19305 | AB150: 1.1694
A151: 122 | B151: -1330.93 | C151: 49.4 | D151: -0.149 | E151: - | F151: - | G151: 0.27 | H151: 1.317 | I151: 0.0729 | J151: 2.586 | K151: -0.39 | L151: -0.74 | M151: -0.04 | N151: -0.2 | O151: -0.57 | P151: no | Q151: no | R151: -1.82 | S151: -30 | T151: -16.93 | U151: -41 | V151: -113.4 | W151: -1330.93 | X151: 0 | Y151: 49.4 | Z151: 0 | AA151: 19102 | AB151: 1.157
A152: 123 | B152: -1393.09 | C152: 46.31 | D152: -0.165 | E152: - | F152: - | G152: 0.27 | H152: 1.317 | I152: 0.0729 | J152: 2.45 | K152: -0.4 | L152: -0.74 | M152: -0.07 | N152: -0.23 | O152: -0.58 | P152: no | Q152: no | R152: -3.61 | S152: -30 | T152: -17.72 | U152: -46.6 | V152: -115.2 | W152: -1393.09 | X152: 0 | Y152: 46.31 | Z152: 0 | AA152: 18898 | AB152: 1.1447
A153: 124 | B153: -1454.44 | C153: 43.26 | D153: -0.183 | E153: - | F153: - | G153: 0.27 | H153: 1.317 | I153: 0.0729 | J153: 2.314 | K153: -0.42 | L153: -0.74 | M153: -0.11 | N153: -0.26 | O153: -0.58 | P153: no | Q153: no | R153: -5.36 | S153: -30 | T153: -18.49 | U153: -52.1 | V153: -116.9 | W153: -1454.44 | X153: 0 | Y153: 43.26 | Z153: 0 | AA153: 18695 | AB153: 1.1324
... A169: 140 | B169: -2324.35 | C169: 2.1 | D169: -5.265 | E169: - | F169: - | G169: 0.27 | H169: 1.317 | I169: 0.0729 | J169: 0.136 | K169: -0.72 | L169: -0.74 | M169: -0.7 | N169: -0.71 | O169: -0.73 | P169: no | Q169: no | R169: -28.82 | S169: -30 | T169: -29.41 | U169: -141.4 | V169: -145.2 | W169: -2324.35 | X169: 0 | Y169: 2.1 | Z169: 0 | AA169: 15439 | AB169: 0.9352
A170: 141 | B170: -2371.75 | C170: 0 | D170: {=-Infinity} -> #NAME? | E170: - | F170: - | G170: 0.27 | H170: 1.317 | I170: 0.0729 | J170: 0 | K170: -0.74 | L170: -0.74 | M170: -0.74 | N170: -0.74 | O170: -0.74 | P170: no | Q170: no | R170: -30 | S170: -30 | T170: -30 | U170: -147 | V170: -147 | W170: -2371.75 | X170: 0 | Y170: 0 | Z170: 0 | AA170: Infinity | AB170: Infinity
A171: 142 | B171: -2324.35 | C171: -2.1 | D171: 5.265 | E171: - | F171: - | G171: 0.27 | H171: 1.317 | I171: 0.0729 | J171: -0.136 | K171: -0.72 | L171: -0.7 | M171: -0.74 | N171: -0.71 | O171: -0.73 | P171: no | Q171: no | R171: -28.82 | S171: -30 | T171: -29.41 | U171: -141.4 | V171: -145.2 | W171: -2324.35 | X171: 0 | Y171: -2.1 | Z171: 0 | AA171: 15439 | AB171: 0.9352
A172: 143 | B172: -2276.14 | C172: -4.26 | D172: 2.565 | E172: - | F172: - | G172: 0.27 | H172: 1.317 | I172: 0.0729 | J172: -0.272 | K172: -0.7 | L172: -0.66 | M172: -0.74 | N172: -0.68 | O172: -0.72 | P172: no | Q172: no | R172: -27.61 | S172: -30 | T172: -28.82 | U172: -135.9 | V172: -143.5 | W172: -2276.14 | X172: 0 | Y172: -4.26 | Z172: 0 | AA172: 15643 | AB172: 0.9475
A173: 144 | B173: -2227.1 | C173: -6.47 | D173: 1.665 | E173: - | F173: - | G173: 0.27 | H173: 1.317 | I173: 0.0729 | J173: -0.408 | K173: -0.68 | L173: -0.62 | M173: -0.74 | N173: -0.65 | O173: -0.71 | P173: no | Q173: no | R173: -26.36 | S173: -30 | T173: -28.21 | U173: -130.3 | V173: -141.7 | W173: -2227.1 | X173: 0 | Y173: -6.47 | Z173: 0 | AA173: 15846 | AB173: 0.9598
A174: 145 | B174: -2177.25 | C174: -8.74 | D174: 1.215 | E174: - | F174: - | G174: 0.27 | H174: 1.317 | I174: 0.0729 | J174: -0.545 | K174: -0.66 | L174: -0.59 | M174: -0.74 | N174: -0.62 | O174: -0.7 | P174: no | Q174: no | R174: -25.08 | S174: -30 | T174: -27.59 | U174: -124.7 | V174: -139.9 | W174: -2177.25 | X174: 0 | Y174: -8.74 | Z174: 0 | AA174: 16050 | AB174: 0.9722
A175: 146 | B175: -2126.57 | C175: -11.06 | D175: 0.945 | E175: - | F175: - | G175: 0.27 | H175: 1.317 | I175: 0.0729 | J175: -0.681 | K175: -0.64 | L175: -0.55 | M175: -0.74 | N175: -0.6 | O175: -0.69 | P175: no | Q175: no | R175: -23.77 | S175: -30 | T175: -26.95 | U175: -119.1 | V175: -138.2 | W175: -2126.57 | X175: 0 | Y175: -11.06 | Z175: 0 | AA175: 16253 | AB175: 0.9845
A176: 147 | B176: -2075.07 | C176: -13.44 | D176: 0.765 | E176: - | F176: - | G176: 0.27 | H176: 1.317 | I176: 0.0729 | J176: -0.817 | K176: -0.62 | L176: -0.51 | M176: -0.74 | N176: -0.57 | O176: -0.68 | P176: no | Q176: no | R176: -22.42 | S176: -30 | T176: -26.31 | U176: -113.5 | V176: -136.4 | W176: -2075.07 | X176: 0 | Y176: -13.44 | Z176: 0 | AA176: 16457 | AB176: 0.9968
A177: 148 | B177: -2022.76 | C177: -15.88 | D177: 0.636 | E177: - | F177: - | G177: 0.27 | H177: 1.317 | I177: 0.0729 | J177: -0.953 | K177: -0.61 | L177: -0.48 | M177: -0.74 | N177: -0.54 | O177: -0.67 | P177: no | Q177: no | R177: -21.04 | S177: -30 | T177: -25.66 | U177: -107.9 | V177: -134.6 | W177: -2022.76 | X177: 0 | Y177: -15.88 | Z177: 0 | AA177: 16660 | AB177: 1.0091
A178: 149 | B178: -1969.62 | C178: -18.36 | D178: 0.54 | E178: - | F178: - | G178: 0.27 | H178: 1.317 | I178: 0.0729 | J178: -1.089 | K178: -0.59 | L178: -0.44 | M178: -0.74 | N178: -0.51 | O178: -0.66 | P178: no | Q178: no | R178: -19.62 | S178: -30 | T178: -24.99 | U178: -102.4 | V178: -132.9 | W178: -1969.62 | X178: 0 | Y178: -18.36 | Z178: 0 | AA178: 16864 | AB178: 1.0215
A179: 150 | B179: -1915.66 | C179: -20.91 | D179: 0.465 | E179: - | F179: - | G179: 0.27 | H179: 1.317 | I179: 0.0729 | J179: -1.225 | K179: -0.57 | L179: -0.4 | M179: -0.74 | N179: -0.48 | O179: -0.66 | P179: no | Q179: no | R179: -18.17 | S179: -30 | T179: -24.31 | U179: -96.8 | V179: -131.1 | W179: -1915.66 | X179: 0 | Y179: -20.91 | Z179: 0 | AA179: 17067 | AB179: 1.0338
A180: 151 | B180: -1860.88 | C180: -23.51 | D180: 0.405 | E180: - | F180: - | G180: 0.27 | H180: 1.317 | I180: 0.0729 | J180: -1.361 | K180: -0.55 | L180: -0.37 | M180: -0.74 | N180: -0.46 | O180: -0.65 | P180: no | Q180: no | R180: -16.69 | S180: -30 | T180: -23.63 | U180: -91.2 | V180: -129.3 | W180: -1860.88 | X180: 0 | Y180: -23.51 | Z180: 0 | AA180: 17270 | AB180: 1.0461
A181: 152 | B181: -1805.28 | C181: -26.17 | D181: 0.356 | E181: - | F181: - | G181: 0.27 | H181: 1.317 | I181: 0.0729 | J181: -1.497 | K181: -0.53 | L181: -0.33 | M181: -0.74 | N181: -0.43 | O181: -0.64 | P181: no | Q181: no | R181: -15.17 | S181: -30 | T181: -22.93 | U181: -85.6 | V181: -127.6 | W181: -1805.28 | X181: 0 | Y181: -26.17 | Z181: 0 | AA181: 17474 | AB181: 1.0584
A182: 153 | B182: -1748.86 | C182: -28.88 | D182: 0.315 | E182: - | F182: - | G182: 0.27 | H182: 1.317 | I182: 0.0729 | J182: -1.634 | K182: -0.51 | L182: -0.29 | M182: -0.74 | N182: -0.4 | O182: -0.63 | P182: no | Q182: no | R182: -13.62 | S182: -30 | T182: -22.22 | U182: -80 | V182: -125.8 | W182: -1748.86 | X182: 0 | Y182: -28.88 | Z182: 0 | AA182: 17677 | AB182: 1.0708
... A198: 169 | B198: -959.53 | C198: -61.75 | D198: 0.071 | E198: - | F198: - | G198: 0.206 | H198: 1.004 | I198: 0.0554 | J198: -3.572 | K198: -0.25 | L198: 0.23 | M198: -0.74 | N198: 0 | O198: -0.5 | P198: no | Q198: no | R198: 0 | S198: -30 | T198: -16.17 | U198: -0.6 | V198: -100.6 | W198: -959.53 | X198: 0 | Y198: -61.75 | Z198: 0 | AA198: 17287 | AB198: 1.0471
A199: 170 | B199: -930.06 | C199: -62.01 | D199: 0.065 | E199: 0.136 | F199: 0.665 | G199: 0.2 | H199: 0.975 | I199: 0.0539 | J199: -3.678 | K199: -0.24 | L199: 0.26 | M199: -0.74 | N199: 0.02 | O199: -0.5 | P199: no | Q199: no | R199: 0 | S199: -30 | T199: -16.13 | U199: 3.8 | V199: -99.2 | W199: -932.45 | X199: 2.38 | Y199: -61.84 | Z199: -0.17 | AA199: 16858 | AB199: 1.0211
A200: 171 | B200: -902.04 | C200: -62.16 | D200: 0.059 | E200: 0.138 | F200: 0.674 | G200: 0.194 | H200: 0.947 | I200: 0.0525 | J200: -3.784 | K200: -0.22 | L200: 0.29 | M200: -0.74 | N200: 0.04 | O200: -0.49 | P200: no | Q200: no | R200: 0 | S200: -30 | T200: -16.11 | U200: 8.1 | V200: -97.8 | W200: -907.16 | X200: 5.12 | Y200: -61.8 | Z200: -0.36 | AA200: 16426 | AB200: 0.9949
A201: 172 | B201: -875.36 | C201: -62.23 | D201: 0.054 | E201: 0.14 | F201: 0.682 | G201: 0.189 | H201: 0.922 | I201: 0.051 | J201: -3.891 | K201: -0.21 | L201: 0.32 | M201: -0.74 | N201: 0.06 | O201: -0.48 | P201: no | Q201: no | R201: 0 | S201: -30 | T201: -16.12 | U201: 12.5 | V201: -96.4 | W201: -883.21 | X201: 7.85 | Y201: -61.68 | Z201: -0.55 | AA201: 15994 | AB201: 0.9688
A202: 173 | B202: -849.9 | C202: -62.22 | D202: 0.049 | E202: 0.141 | F202: 0.69 | G202: 0.184 | H202: 0.897 | I202: 0.0496 | J202: -3.997 | K202: -0.2 | L202: 0.34 | M202: -0.74 | N202: 0.08 | O202: -0.48 | P202: no | Q202: no | R202: 0 | S202: -30 | T202: -16.15 | U202: 16.9 | V202: -95.1 | W202: -860.49 | X202: 10.59 | Y202: -61.48 | Z202: -0.74 | AA202: 15567 | AB202: 0.9429
A203: 174 | B203: -825.57 | C203: -62.15 | D203: 0.044 | E203: 0.143 | F203: 0.697 | G203: 0.179 | H203: 0.874 | I203: 0.0485 | J203: -4.103 | K203: -0.18 | L203: 0.37 | M203: -0.74 | N203: 0.11 | O203: -0.47 | P203: no | Q203: no | R203: 0 | S203: -30 | T203: -16.09 | U203: 21.2 | V203: -93.7 | W203: -838.89 | X203: 13.33 | Y203: -61.22 | Z203: -0.93 | AA203: 15147 | AB203: 0.9175
A204: 175 | B204: -802.28 | C204: -62.02 | D204: 0.04 | E204: 0.144 | F204: 0.704 | G204: 0.175 | H204: 0.852 | I204: 0.047 | J204: -4.209 | K204: -0.17 | L204: 0.4 | M204: -0.74 | N204: 0.13 | O204: -0.46 | P204: no | Q204: no | R204: 0 | S204: -30 | T204: -16.17 | U204: 25.6 | V204: -92.3 | W204: -818.34 | X204: 16.06 | Y204: -60.9 | Z204: -1.12 | AA204: 14735 | AB204: 0.8925
A205: 176 | B205: -779.97 | C205: -61.86 | D205: 0.035 | E205: 0.146 | F205: 0.711 | G205: 0.17 | H205: 0.831 | I205: 0.0459 | J205: -4.315 | K205: -0.15 | L205: 0.43 | M205: -0.74 | N205: 0.15 | O205: -0.45 | P205: no | Q205: no | R205: 0 | S205: -30 | T205: -16.15 | U205: 29.9 | V205: -90.9 | W205: -798.77 | X205: 18.8 | Y205: -60.54 | Z205: -1.32 | AA205: 14333 | AB205: 0.8682
A206: 177 | B206: -758.56 | C206: -61.65 | D206: 0.031 | E206: 0.147 | F206: 0.718 | G206: 0.166 | H206: 0.811 | I206: 0.0448 | J206: -4.422 | K206: -0.14 | L206: 0.46 | M206: -0.74 | N206: 0.17 | O206: -0.45 | P206: no | Q206: no | R206: 0 | S206: -30 | T206: -16.14 | U206: 34.3 | V206: -89.5 | W206: -780.09 | X206: 21.53 | Y206: -60.14 | Z206: -1.51 | AA206: 13943 | AB206: 0.8445
A207: 178 | B207: -737.98 | C207: -61.41 | D207: 0.027 | E207: 0.148 | F207: 0.724 | G207: 0.162 | H207: 0.792 | I207: 0.0437 | J207: -4.528 | K207: -0.12 | L207: 0.49 | M207: -0.74 | N207: 0.19 | O207: -0.44 | P207: no | Q207: no | R207: 0 | S207: -30 | T207: -16.16 | U207: 38.6 | V207: -88.2 | W207: -762.25 | X207: 24.27 | Y207: -59.71 | Z207: -1.7 | AA207: 13563 | AB207: 0.8216
A208: 179 | B208: -718.17 | C208: -61.15 | D208: 0.024 | E208: 0.15 | F208: 0.729 | G208: 0.159 | H208: 0.774 | I208: 0.043 | J208: -4.634 | K208: -0.11 | L208: 0.52 | M208: -0.74 | N208: 0.21 | O208: -0.43 | P208: no | Q208: no | R208: 0 | S208: -30 | T208: -16.06 | U208: 43 | V208: -86.8 | W208: -745.17 | X208: 27 | Y208: -59.26 | Z208: -1.89 | AA208: 13196 | AB208: 0.7993
A209: 180 | B209: -699.1 | C209: -60.87 | D209: 0.02 | E209: 0.151 | F209: 0.735 | G209: 0.155 | H209: 0.756 | I209: 0.0419 | J209: -4.74 | K209: -0.1 | L209: 0.54 | M209: -0.74 | N209: 0.24 | O209: -0.43 | P209: no | Q209: no | R209: 0 | S209: -30 | T209: -16.11 | U209: 47.3 | V209: -85.4 | W209: -728.84 | X209: 29.74 | Y209: -58.79 | Z209: -2.08 | AA209: 12841 | AB209: 0.7778
A210: 181 | B210: -680.7 | C210: -60.57 | D210: 0.017 | E210: 0.152 | F210: 0.74 | G210: 0.152 | H210: 0.74 | I210: 0.0408 | J210: -4.846 | K210: -0.08 | L210: 0.57 | M210: -0.74 | N210: 0.26 | O210: -0.42 | P210: no | Q210: no | R210: 0 | S210: -30 | T210: -16.18 | U210: 51.7 | V210: -84 | W210: -713.17 | X210: 32.47 | Y210: -58.29 | Z210: -2.27 | AA210: 12497 | AB210: 0.757
... A295: 266 | B295: 324.86 | C295: -12.56 | D295: -0.13 | E295: 0.171 | F295: 0.834 | G295: 0.005 | H295: 0.025 | I295: 0.0015 | J295: -10.006 | K295: 1.3 | L295: 2.65 | M295: -0.05 | N295: 2 | O295: 0.6 | P295: no | Q295: no | R295: 0 | S295: -2.53 | T295: -1.2 | U295: 400 | V295: 119.8 | W295: -1.76 | X295: 326.61 | Y295: -0.23 | Z295: -12.32 | AA295: 1255 | AB295: 0.076
A296: 267 | B296: 338.35 | C296: -11.5 | D296: -0.144 | E296: - | F296: - | G296: 0 | H296: 0 | I296: 0 | J296: -9.339 | K296: 1.35 | L296: 2.61 | M296: 0.09 | N296: 2 | O296: 0.69 | P296: no | Q296: no | R296: 0 | S296: 0 | T296: 0 | U296: 400 | V296: 138.5 | W296: 0 | X296: 338.35 | Y296: 0 | Z296: -11.5 | AA296: 1232 | AB296: 0.0746
A297: 268 | B297: 350.08 | C297: -10.68 | D297: -0.161 | E297: - | F297: - | G297: 0 | H297: 0 | I297: 0 | J297: -8.672 | K297: 1.39 | L297: 2.56 | M297: 0.22 | N297: 2 | O297: 0.79 | P297: no | Q297: no | R297: 0 | S297: 0 | T297: 0 | U297: 400 | V297: 157.2 | W297: 0 | X297: 350.08 | Y297: 0 | Z297: -10.68 | AA297: 1232 | AB297: 0.0746
A298: 269 | B298: 361.82 | C298: -9.86 | D298: -0.18 | E298: - | F298: - | G298: 0 | H298: 0 | I298: 0 | J298: -8.005 | K298: 1.44 | L298: 2.52 | M298: 0.36 | N298: 2 | O298: 0.88 | P298: no | Q298: no | R298: 0 | S298: 0 | T298: 0 | U298: 400 | V298: 175.9 | W298: 0 | X298: 361.82 | Y298: 0 | Z298: -9.86 | AA298: 1232 | AB298: 0.0746
A299: 270 | B299: 373.56 | C299: -9.04 | D299: -0.203 | E299: - | F299: - | G299: 0 | H299: 0 | I299: 0 | J299: -7.338 | K299: 1.49 | L299: 2.48 | M299: 0.5 | N299: 2 | O299: 0.97 | P299: no | Q299: no | R299: 0 | S299: 0 | T299: 0 | U299: 400 | V299: 194.5 | W299: 0 | X299: 373.56 | Y299: 0 | Z299: -9.04 | AA299: 1232 | AB299: 0.0746
A300: 271 | B300: 385.29 | C300: -8.22 | D300: -0.23 | E300: - | F300: - | G300: 0 | H300: 0 | I300: 0 | J300: -6.671 | K300: 1.53 | L300: 2.43 | M300: 0.63 | N300: 2 | O300: 1.07 | P300: no | Q300: no | R300: 0 | S300: 0 | T300: 0 | U300: 400 | V300: 213.2 | W300: 0 | X300: 385.29 | Y300: 0 | Z300: -8.22 | AA300: 1232 | AB300: 0.0746
...

Sheet Sheet2
A1: Lineear | E1: Parabolic | J1: Centrum no crack | P1: Centrum 0.4 crack
A2: =linear!B30 -> 376.99 | B2: =linear!C30 -> 0 | C2: =A2*-1 -> -376.99 | E2: =parabolic!B30 -> 502.65 | F2: =parabolic!C30 -> 0 | G2: =E2*-1 -> -502.65 | J2: 1 | K2: 628.32 | L2: 0 | M2: =K2*-1 -> -628.32 | P2: -2616.7215 | Q2: 0.0014720624 | R2: =P2*-1 -> 2616.7215
A3: =linear!B31 -> 368.4 | B3: =linear!C31 -> 0.6 | C3: =A3*-1 -> -368.4 | E3: =parabolic!B31 -> 490.92 | F3: =parabolic!C31 -> 0.82 | G3: =E3*-1 -> -490.92 | J3: 2 | K3: 608.38 | L3: 1.4 | M3: =K3*-1 -> -608.38 | P3: -2547.6806 | Q3: 2.9438303 | R3: =P3*-1 -> 2547.6806
A4: =linear!B32 -> 359.8 | B4: =linear!C32 -> 1.2 | C4: =A4*-1 -> -359.8 | E4: =parabolic!B32 -> 479.18 | F4: =parabolic!C32 -> 1.64 | G4: =E4*-1 -> -479.18 | J4: 3 | K4: 588.44 | L4: 2.79 | M4: =K4*-1 -> -588.44 | P4: -2478.6189 | Q4: 5.887072 | R4: =P4*-1 -> 2478.6189
A5: =linear!B33 -> 351.21 | B5: =linear!C33 -> 1.8 | C5: =A5*-1 -> -351.21 | E5: =parabolic!B33 -> 467.45 | F5: =parabolic!C33 -> 2.46 | G5: =E5*-1 -> -467.45 | J5: 4 | K5: 568.5 | L5: 4.19 | M5: =K5*-1 -> -568.5 | P5: -2444.0933 | Q5: 7.3584722 | R5: =P5*-1 -> 2444.0933
A6: =linear!B34 -> 342.61 | B6: =linear!C34 -> 2.41 | C6: =A6*-1 -> -342.61 | E6: =parabolic!B34 -> 455.71 | F6: =parabolic!C34 -> 3.29 | G6: =E6*-1 -> -455.71 | J6: 5 | K6: 548.56 | L6: 5.58 | M6: =K6*-1 -> -548.56 | P6: -2424.9139 | Q6: 8.1758532 | R6: =P6*-1 -> 2424.9139 | U6: mn | V6: n
A7: =linear!B35 -> 334.02 | B7: =linear!C35 -> 3.01 | C7: =A7*-1 -> -334.02 | E7: =parabolic!B35 -> 443.97 | F7: =parabolic!C35 -> 4.11 | G7: =E7*-1 -> -443.97 | J7: 6 | K7: 528.62 | L7: 6.98 | M7: =K7*-1 -> -528.62 | P7: -2400.9411 | Q7: 9.1975155 | R7: =P7*-1 -> 2400.9411 | U7: -300 | V7: 25.88
A8: =linear!B36 -> 325.42 | B8: =linear!C36 -> 3.61 | C8: =A8*-1 -> -325.42 | E8: =parabolic!B36 -> 432.24 | F8: =parabolic!C36 -> 4.93 | G8: =E8*-1 -> -432.24 | J8: 7 | K8: 508.68 | L8: 8.37 | M8: =K8*-1 -> -508.68 | P8: -2370.1214 | Q8: 10.510977 | R8: =P8*-1 -> 2370.1214
A9: =linear!B37 -> 316.83 | B9: =linear!C37 -> 4.21 | C9: =A9*-1 -> -316.83 | E9: =parabolic!B37 -> 420.5 | F9: =parabolic!C37 -> 5.75 | G9: =E9*-1 -> -420.5 | J9: 8 | K9: 488.74 | L9: 9.77 | M9: =K9*-1 -> -488.74 | P9: -2351.1568 | Q9: 11.319203 | R9: =P9*-1 -> 2351.1568
A10: =linear!B38 -> 308.23 | B10: =linear!C38 -> 4.81 | C10: =A10*-1 -> -308.23 | E10: =parabolic!B38 -> 408.77 | F10: =parabolic!C38 -> 6.57 | G10: =E10*-1 -> -408.77 | J10: 9 | K10: 468.8 | L10: 11.17 | M10: =K10*-1 -> -468.8 | P10: -2329.0328 | Q10: 12.262077 | R10: =P10*-1 -> 2329.0328
A11: =linear!B39 -> 299.64 | B11: =linear!C39 -> 5.41 | C11: =A11*-1 -> -299.64 | E11: =parabolic!B39 -> 397.03 | F11: =parabolic!C39 -> 7.39 | G11: =E11*-1 -> -397.03 | J11: 10 | K11: 448.86 | L11: 12.56 | M11: =K11*-1 -> -448.86 | P11: -2302.888 | Q11: 13.376305 | R11: =P11*-1 -> 2302.888
A12: =linear!B40 -> 291.04 | B12: =linear!C40 -> 6.02 | C12: =A12*-1 -> -291.04 | E12: =parabolic!B40 -> 385.29 | F12: =parabolic!C40 -> 8.22 | G12: =E12*-1 -> -385.29 | J12: 11 | K12: 428.92 | L12: 13.96 | M12: =K12*-1 -> -428.92 | P12: -2271.5169 | Q12: 14.713267 | R12: =P12*-1 -> 2271.5169
A13: =linear!B41 -> 282.45 | B13: =linear!C41 -> 6.62 | C13: =A13*-1 -> -282.45 | E13: =parabolic!B41 -> 373.56 | F13: =parabolic!C41 -> 9.04 | G13: =E13*-1 -> -373.56 | J13: 12 | K13: 408.9 | L13: 15.36 | M13: =K13*-1 -> -408.9 | P13: -2253.3559 | Q13: 15.487242 | R13: =P13*-1 -> 2253.3559
A14: =linear!B42 -> 273.85 | B14: =linear!C42 -> 7.22 | C14: =A14*-1 -> -273.85 | E14: =parabolic!B42 -> 361.82 | F14: =parabolic!C42 -> 9.86 | G14: =E14*-1 -> -361.82 | J14: 13 | K14: 380.01 | L14: 17.89 | M14: =K14*-1 -> -380.01 | P14: -2233.1783 | Q14: 16.347167 | R14: =P14*-1 -> 2233.1783
A15: =linear!B43 -> 265.26 | B15: =linear!C43 -> 7.82 | C15: =A15*-1 -> -265.26 | E15: =parabolic!B43 -> 350.08 | F15: =parabolic!C43 -> 10.68 | G15: =E15*-1 -> -350.08 | J15: 14 | K15: 338.91 | L15: 21.82 | M15: =K15*-1 -> -338.91 | P15: -2210.6281 | Q15: 17.308199 | R15: =P15*-1 -> 2210.6281
A16: =linear!B44 -> 256.67 | B16: =linear!C44 -> 8.42 | C16: =A16*-1 -> -256.67 | E16: =parabolic!B44 -> 338.35 | F16: =parabolic!C44 -> 11.5 | G16: =E16*-1 -> -338.35 | J16: 15 | K16: 288.2 | L16: 26.7 | M16: =K16*-1 -> -288.2 | P16: -2185.261 | Q16: 18.389286 | R16: =P16*-1 -> 2185.261
A17: =linear!B45 -> 248.07 | B17: =linear!C45 -> 9.02 | C17: =A17*-1 -> -248.07 | E17: =parabolic!B45 -> 324.86 | F17: =parabolic!C45 -> 12.56 | G17: =E17*-1 -> -324.86 | J17: 16 | K17: 229.81 | L17: 32.27 | M17: =K17*-1 -> -229.81 | P17: -2156.5138 | Q17: 19.614422 | R17: =P17*-1 -> 2156.5138
A18: =linear!B46 -> 228.69 | B18: =linear!C46 -> 11.04 | C18: =A18*-1 -> -228.69 | E18: =parabolic!B46 -> 293.21 | F18: =parabolic!C46 -> 15.94 | G18: =E18*-1 -> -293.21 | J18: 17 | K18: 165.18 | L18: 38.32 | M18: =K18*-1 -> -165.18 | P18: -2123.6628 | Q18: 21.014452 | R18: =P18*-1 -> 2123.6628
A19: =linear!B47 -> 191.11 | B19: =linear!C47 -> 15.27 | C19: =A19*-1 -> -191.11 | E19: =parabolic!B47 -> 243.74 | F19: =parabolic!C47 -> 21.41 | G19: =E19*-1 -> -243.74 | J19: 18 | K19: 95.41 | L19: 44.72 | M19: =K19*-1 -> -95.41 | P19: -2085.7617 | Q19: 22.629706 | R19: =P19*-1 -> 2085.7617
... A142: =linear!B170 -> -2313.41 | B142: =linear!C170 -> 0 | C142: =A142*-1 -> 2313.41 | E142: =parabolic!B170 -> -2371.75 | F142: =parabolic!C170 -> 0 | G142: =E142*-1 -> 2371.75 | J142: 141 | K142: -2632.1 | L142: 0 | M142: =K142*-1 -> 2632.1 | P142: -16.513085 | Q142: 42.773436 | R142: =P142*-1 -> 16.513085
P143: -7.1601988 | Q143: 41.889661 | R143: =P143*-1 -> 7.1601988
P144: 1.949107 | Q144: 41.02528 | R144: =P144*-1 -> -1.949107
P145: 10.821335 | Q145: 40.179848 | R145: =P145*-1 -> -10.821335
P146: 19.46277 | Q146: 39.352935 | R146: =P146*-1 -> -19.46277
P147: 27.87949 | Q147: 38.544124 | R147: =P147*-1 -> -27.87949
P148: 36.077371 | Q148: 37.753012 | R148: =P148*-1 -> -36.077371
P149: 44.062101 | Q149: 36.979209 | R149: =P149*-1 -> -44.062101
P150: 51.83918 | Q150: 36.222335 | R150: =P150*-1 -> -51.83918
P151: 59.413933 | Q151: 35.482024 | R151: =P151*-1 -> -59.413933
P152: 66.791515 | Q152: 34.757921 | R152: =P152*-1 -> -66.791515
P153: 73.976918 | Q153: 34.049681 | R153: =P153*-1 -> -73.976918
P154: 80.974976 | Q154: 33.356972 | R154: =P154*-1 -> -80.974976
... P201: 317.48789 | Q201: 0.0015554853 | R201: =P201*-1 -> -317.48789

Sheet Sheet1

Sheet Sheet3
A1: Copy to Clipboard
A2: Interaction diagram - Axial force resistance NRd vs bending moment resistance MRd
A3: N-M interaction | B3: Lever arm & neutral axis | C3: Curvature & strains | D3: Stresses | E3: Internal forces & moments | F3: Effective stiffness
A4: # | B4: Design axial force resistance
A5: NRd [kN] | B5: Design bending moment resistance
A6: MRd [kNm] | B6: Location of neutral axis from centroid
A7: yn [m] | B7: Lever arm of internal forces
A8: z [m] | B8: Normalized level arm
A9: z/d [-] | B9: Depth of compressive zone
A10: x [m] | B10: Normalized depth of compressive zone
A11: x/d [-] | B11: Area of compressive zone
A12: AC [m2] | B12: Curvature
A13: φ [×10−3 m−1] | B13: Strain at centroid
A14: ε0 [‰] | B14: Top concrete strain
A15: εc,top [‰] | B15: Bottom concrete strain
... A17: εs,max [‰] | B17: Minimum reinforcement strain
A18: εs,min [‰] | B18: Reinforcement yield in tension | C18: Reinforcement yield in compression | D18: Maximum concrete stress
A19: σc,max [MPa] | B19: Minimum concrete stress
A20: σc,min [MPa] | B20: Average concrete stress
A21: σc,ave [MPa] | B21: Maximum reinforcement stress
A22: σs,max [MPa] | B22: Minimum reinforcement stress
A23: σs,min [MPa] | B23: Internal compression force
A24: FC [kN] | B24: Internal tension force
A25: FT [kN] | B25: Internal compression moment
A26: MC [kNm] | B26: Internal tension moment
A27: MT [kNm] | B27: Effective bending stiffness
A28: (EI)eff [kNm2] | B28: Effective bending stiffness ratio
A29: (EI)eff / (EI)gross [-]
A30: 1 | B30: 628.32 | C30: 0 | D30: Infinity | E30: - | F30: - | G30: 0 | H30: 0 | I30: 0 | J30: 0 | K30: 2.5 | L30: 2.5 | M30: 2.5 | N30: 2.5 | O30: 2.5 | P30: yes | Q30: no | R30: 0 | S30: 0 | T30: 0 | U30: 500 | V30: 500 | W30: 0 | X30: 628.32 | Y30: 0 | Z30: 0 | AA30: NaN | AB30: NaN | AF30: =B30*-1 -> -628.32 | AG30: =C30 -> 0
A31: 2 | B31: 608.62 | C31: 1.38 | D31: 2.163 | E31: - | F31: - | G31: 0 | H31: 0 | I31: 0 | J31: 1.12 | K31: 2.42 | L31: 2.27 | M31: 2.57 | N31: 2.5 | O31: 2.34 | P31: yes | Q31: no | R31: 0 | S31: 0 | T31: 0 | U31: 500 | V31: 468.7 | W31: 0 | X31: 608.62 | Y31: 0 | Z31: 1.38 | AA31: 1232 | AB31: 0.0746 | AF31: =B31*-1 -> -608.62 | AG31: =C31 -> 1.38
A32: 3 | B32: 588.92 | C32: 2.76 | D32: 1.046 | E32: - | F32: - | G32: 0 | H32: 0 | I32: 0 | J32: 2.239 | K32: 2.34 | L32: 2.04 | M32: 2.65 | N32: 2.5 | O32: 2.19 | P32: yes | Q32: no | R32: 0 | S32: 0 | T32: 0 | U32: 500 | V32: 437.3 | W32: 0 | X32: 588.92 | Y32: 0 | Z32: 2.76 | AA32: 1232 | AB32: 0.0746 | AF32: =B32*-1 -> -588.92 | AG32: =C32 -> 2.76
A33: 4 | B33: 569.23 | C33: 4.14 | D33: 0.674 | E33: - | F33: - | G33: 0 | H33: 0 | I33: 0 | J33: 3.359 | K33: 2.26 | L33: 1.81 | M33: 2.72 | N33: 2.5 | O33: 2.03 | P33: yes | Q33: no | R33: 0 | S33: 0 | T33: 0 | U33: 500 | V33: 406 | W33: 0 | X33: 569.23 | Y33: 0 | Z33: 4.14 | AA33: 1232 | AB33: 0.0746 | AF33: =B33*-1 -> -569.23 | AG33: =C33 -> 4.14
A34: 5 | B34: 549.53 | C34: 5.52 | D34: 0.488 | E34: - | F34: - | G34: 0 | H34: 0 | I34: 0 | J34: 4.478 | K34: 2.19 | L34: 1.58 | M34: 2.79 | N34: 2.5 | O34: 1.87 | P34: yes | Q34: no | R34: 0 | S34: 0 | T34: 0 | U34: 500 | V34: 374.6 | W34: 0 | X34: 549.53 | Y34: 0 | Z34: 5.52 | AA34: 1232 | AB34: 0.0746 | AF34: =B34*-1 -> -549.53 | AG34: =C34 -> 5.52
A35: 6 | B35: 529.83 | C35: 6.89 | D35: 0.377 | E35: - | F35: - | G35: 0 | H35: 0 | I35: 0 | J35: 5.598 | K35: 2.11 | L35: 1.35 | M35: 2.86 | N35: 2.5 | O35: 1.72 | P35: yes | Q35: no | R35: 0 | S35: 0 | T35: 0 | U35: 500 | V35: 343.3 | W35: 0 | X35: 529.83 | Y35: 0 | Z35: 6.89 | AA35: 1232 | AB35: 0.0746 | AF35: =B35*-1 -> -529.83 | AG35: =C35 -> 6.89
A36: 7 | B36: 510.14 | C36: 8.27 | D36: 0.302 | E36: - | F36: - | G36: 0 | H36: 0 | I36: 0 | J36: 6.718 | K36: 2.03 | L36: 1.12 | M36: 2.94 | N36: 2.5 | O36: 1.56 | P36: yes | Q36: no | R36: 0 | S36: 0 | T36: 0 | U36: 500 | V36: 311.9 | W36: 0 | X36: 510.14 | Y36: 0 | Z36: 8.27 | AA36: 1232 | AB36: 0.0746 | AF36: =B36*-1 -> -510.14 | AG36: =C36 -> 8.27
A37: 8 | B37: 490.44 | C37: 9.65 | D37: 0.249 | E37: - | F37: - | G37: 0 | H37: 0 | I37: 0 | J37: 7.837 | K37: 1.95 | L37: 0.89 | M37: 3.01 | N37: 2.5 | O37: 1.4 | P37: yes | Q37: no | R37: 0 | S37: 0 | T37: 0 | U37: 500 | V37: 280.6 | W37: 0 | X37: 490.44 | Y37: 0 | Z37: 9.65 | AA37: 1232 | AB37: 0.0746 | AF37: =B37*-1 -> -490.44 | AG37: =C37 -> 9.65
A38: 9 | B38: 470.74 | C38: 11.03 | D38: 0.209 | E38: - | F38: - | G38: 0 | H38: 0 | I38: 0 | J38: 8.957 | K38: 1.87 | L38: 0.66 | M38: 3.08 | N38: 2.5 | O38: 1.25 | P38: yes | Q38: no | R38: 0 | S38: 0 | T38: 0 | U38: 500 | V38: 249.2 | W38: 0 | X38: 470.74 | Y38: 0 | Z38: 11.03 | AA38: 1232 | AB38: 0.0746 | AF38: =B38*-1 -> -470.74 | AG38: =C38 -> 11.03
A39: 10 | B39: 451.05 | C39: 12.41 | D39: 0.178 | E39: - | F39: - | G39: 0 | H39: 0 | I39: 0 | J39: 10.076 | K39: 1.79 | L39: 0.43 | M39: 3.15 | N39: 2.5 | O39: 1.09 | P39: yes | Q39: no | R39: 0 | S39: 0 | T39: 0 | U39: 500 | V39: 217.9 | W39: 0 | X39: 451.05 | Y39: 0 | Z39: 12.41 | AA39: 1232 | AB39: 0.0746 | AF39: =B39*-1 -> -451.05 | AG39: =C39 -> 12.41
A40: 11 | B40: 431.35 | C40: 13.79 | D40: 0.153 | E40: - | F40: - | G40: 0 | H40: 0 | I40: 0 | J40: 11.196 | K40: 1.72 | L40: 0.2 | M40: 3.23 | N40: 2.5 | O40: 0.93 | P40: yes | Q40: no | R40: 0 | S40: 0 | T40: 0 | U40: 500 | V40: 186.5 | W40: 0 | X40: 431.35 | Y40: 0 | Z40: 13.79 | AA40: 1232 | AB40: 0.0746 | AF40: =B40*-1 -> -431.35 | AG40: =C40 -> 13.79
A41: 12 | B41: 411.57 | C41: 15.18 | D41: 0.133 | E41: 0.171 | F41: 0.835 | G41: 0.002 | H41: 0.01 | I41: 0.0004 | J41: 12.315 | K41: 1.64 | L41: -0.02 | M41: 3.3 | N41: 2.5 | O41: 0.78 | P41: yes | Q41: no | R41: 0 | S41: -0.35 | T41: -0.23 | U41: 500 | V41: 155.2 | W41: -0.09 | X41: 411.65 | Y41: 0.01 | Z41: 15.17 | AA41: 1232 | AB41: 0.0747 | AF41: =B41*-1 -> -411.57 | AG41: =C41 -> 15.18
A42: 13 | B42: 382.64 | C42: 17.74 | D42: 0.116 | E42: 0.171 | F42: 0.834 | G42: 0.019 | H42: 0.092 | I42: 0.0051 | J42: 13.435 | K42: 1.56 | L42: -0.25 | M42: 3.37 | N42: 2.5 | O42: 0.62 | P42: yes | Q42: no | R42: 0 | S42: -3.65 | T42: -1.83 | U42: 500 | V42: 123.8 | W42: -9.32 | X42: 391.96 | Y42: 1.2 | Z42: 16.55 | AA42: 1321 | AB42: 0.08 | AF42: =B42*-1 -> -382.64 | AG42: =C42 -> 17.74
A43: 14 | B43: 341.12 | C43: 21.78 | D43: 0.102 | E43: 0.172 | F43: 0.839 | G43: 0.033 | H43: 0.162 | I43: 0.0091 | J43: 14.555 | K43: 1.48 | L43: -0.48 | M43: 3.45 | N43: 2.5 | O43: 0.46 | P43: yes | Q43: no | R43: 0 | S43: -6.94 | T43: -3.42 | U43: 500 | V43: 92.5 | W43: -31.14 | X43: 372.26 | Y43: 3.86 | Z43: 17.92 | AA43: 1497 | AB43: 0.0907 | AF43: =B43*-1 -> -341.12 | AG43: =C43 -> 21.78
A44: 15 | B44: 289.69 | C44: 26.84 | D44: 0.089 | E44: 0.175 | F44: 0.852 | G44: 0.046 | H44: 0.222 | I44: 0.0124 | J44: 15.674 | K44: 1.4 | L44: -0.71 | M44: 3.52 | N44: 2.5 | O44: 0.31 | P44: yes | Q44: no | R44: 0 | S44: -10.24 | T44: -5.07 | U44: 500 | V44: 61.1 | W44: -62.87 | X44: 352.56 | Y44: 7.53 | Z44: 19.3 | AA44: 1712 | AB44: 0.1037 | AF44: =B44*-1 -> -289.69 | AG44: =C44 -> 26.84
A45: 16 | B45: 230.34 | C45: 32.6 | D45: 0.079 | E45: 0.178 | F45: 0.87 | G45: 0.056 | H45: 0.274 | I45: 0.0153 | J45: 16.794 | K45: 1.32 | L45: -0.94 | M45: 3.59 | N45: 2.5 | O45: 0.15 | P45: no | Q45: no | R45: 0 | S45: -13.53 | T45: -6.7 | U45: 500 | V45: 29.8 | W45: -102.52 | X45: 332.87 | Y45: 11.92 | Z45: 20.68 | AA45: 1941 | AB45: 0.1176 | AF45: =B45*-1 -> -230.34 | AG45: =C45 -> 32.6
A46: 17 | B46: 164.56 | C46: 38.88 | D46: 0.07 | E46: 0.183 | F46: 0.892 | G46: 0.065 | H46: 0.319 | I46: 0.0175 | J46: 17.913 | K46: 1.25 | L46: -1.17 | M46: 3.66 | N46: 2.5 | O46: -0.01 | P46: yes | Q46: no | R46: 0 | S46: -16.82 | T46: -8.49 | U46: 500 | V46: -1.6 | W46: -149.6 | X46: 314.16 | Y46: 16.89 | Z46: 21.99 | AA46: 2171 | AB46: 0.1315 | AF46: =B46*-1 -> -164.56 | AG46: =C46 -> 38.88
A47: 18 | B47: 93.46 | C47: 45.53 | D47: 0.061 | E47: 0.177 | F47: 0.862 | G47: 0.074 | H47: 0.359 | I47: 0.02 | J47: 19.033 | K47: 1.17 | L47: -1.4 | M47: 3.74 | N47: 2.5 | O47: -0.16 | P47: yes | Q47: no | R47: 0 | S47: -20.12 | T47: -9.98 | U47: 500 | V47: -32.9 | W47: -220.7 | X47: 314.16 | Y47: 23.54 | Z47: 21.99 | AA47: 2392 | AB47: 0.1449 | AF47: =B47*-1 -> -93.46 | AG47: =C47 -> 45.53
A48: 19 | B48: 17.94 | C48: 52.45 | D48: 0.054 | E48: 0.173 | F48: 0.843 | G48: 0.081 | H48: 0.395 | I48: 0.0219 | J48: 20.153 | K48: 1.09 | L48: -1.63 | M48: 3.81 | N48: 2.5 | O48: -0.32 | P48: yes | Q48: no | R48: 0 | S48: -23.41 | T48: -11.7 | U48: 500 | V48: -64.3 | W48: -296.22 | X48: 314.16 | Y48: 30.46 | Z48: 21.99 | AA48: 2603 | AB48: 0.1577 | AF48: =B48*-1 -> -17.94 | AG48: =C48 -> 52.45
A49: 20 | B49: -61.29 | C49: 59.58 | D49: 0.048 | E49: 0.17 | F49: 0.83 | G49: 0.087 | H49: 0.427 | I49: 0.0237 | J49: 21.272 | K49: 1.01 | L49: -1.86 | M49: 3.88 | N49: 2.5 | O49: -0.48 | P49: yes | Q49: no | R49: 0 | S49: -26.71 | T49: -13.31 | U49: 500 | V49: -95.6 | W49: -375.45 | X49: 314.16 | Y49: 37.58 | Z49: 21.99 | AA49: 2801 | AB49: 0.1696 | AF49: =B49*-1 -> 61.29 | AG49: =C49 -> 59.58
A50: 21 | B50: -143.69 | C50: 66.85 | D50: 0.042 | E50: 0.168 | F50: 0.819 | G50: 0.093 | H50: 0.455 | I50: 0.0252 | J50: 22.392 | K50: 0.93 | L50: -2.09 | M50: 3.96 | N50: 2.5 | O50: -0.63 | P50: no | Q50: no | R50: 0 | S50: -30 | T50: -15.03 | U50: 500 | V50: -127 | W50: -457.85 | X50: 314.16 | Y50: 44.86 | Z50: 21.99 | AA50: 2985 | AB50: 0.1808 | AF50: =B50*-1 -> 143.69 | AG50: =C50 -> 66.85
A51: 22 | B51: -151.14 | C51: 66.85 | D51: 0.041 | E51: 0.168 | F51: 0.818 | G51: 0.094 | H51: 0.458 | I51: 0.0255 | J51: 22.245 | K51: 0.91 | L51: -2.09 | M51: 3.92 | N51: 2.47 | O51: -0.64 | P51: no | Q51: no | R51: 0 | S51: -30 | T51: -14.91 | U51: 494 | V51: -128.9 | W51: -461.52 | X51: 310.39 | Y51: 45.12 | Z51: 21.73 | AA51: 3005 | AB51: 0.182 | AF51: =B51*-1 -> 151.14 | AG51: =C51 -> 66.85
A52: 23 | B52: -158.64 | C52: 66.85 | D52: 0.04 | E52: 0.168 | F52: 0.817 | G52: 0.095 | H52: 0.461 | I52: 0.0255 | J52: 22.099 | K52: 0.89 | L52: -2.09 | M52: 3.88 | N52: 2.44 | O52: -0.65 | P52: no | Q52: no | R52: 0 | S52: -30 | T52: -15.01 | U52: 488 | V52: -130.8 | W52: -465.26 | X52: 306.61 | Y52: 45.39 | Z52: 21.46 | AA52: 3025 | AB52: 0.1832 | AF52: =B52*-1 -> 158.64 | AG52: =C52 -> 66.85
... A133: 104 | B133: -1005.52 | C133: 67.95 | D133: -0.069 | E133: 0.137 | F133: 0.671 | G133: 0.204 | H133: 0.997 | I133: 0.055 | J133: 10.232 | K133: -0.71 | L133: -2.09 | M133: 0.67 | N133: 0.01 | O133: -1.43 | P133: no | Q133: no | R133: 0 | S133: -30 | T133: -15.03 | U133: 1.5 | V133: -285 | W133: -1006.44 | X133: 0.92 | Y133: 67.89 | Z133: 0.06 | AA133: 6641 | AB133: 0.4023 | AF133: =B133*-1 -> 1005.52 | AG133: =C133 -> 67.95
A134: 105 | B134: -1022.51 | C134: 67.75 | D134: -0.072 | E134: - | F134: - | G134: 0.207 | H134: 1.011 | I134: 0.0561 | J134: 10.086 | K134: -0.73 | L134: -2.09 | M134: 0.63 | N134: -0.02 | O134: -1.43 | P134: no | Q134: no | R134: 0 | S134: -30 | T134: -14.95 | U134: -4.5 | V134: -286.9 | W134: -1022.51 | X134: 0 | Y134: 67.75 | Z134: 0 | AA134: 6717 | AB134: 0.4069 | AF134: =B134*-1 -> 1022.51 | AG134: =C134 -> 67.75
A135: 106 | B135: -1039.85 | C135: 67.52 | D135: -0.075 | E135: - | F135: - | G135: 0.21 | H135: 1.026 | I135: 0.0569 | J135: 9.939 | K135: -0.75 | L135: -2.09 | M135: 0.59 | N135: -0.05 | O135: -1.44 | P135: no | Q135: no | R135: 0 | S135: -30 | T135: -14.98 | U135: -10.5 | V135: -288.8 | W135: -1039.85 | X135: 0 | Y135: 67.52 | Z135: 0 | AA135: 6793 | AB135: 0.4115 | AF135: =B135*-1 -> 1039.85 | AG135: =C135 -> 67.52
A136: 107 | B136: -1057.57 | C136: 67.26 | D136: -0.078 | E136: - | F136: - | G136: 0.213 | H136: 1.041 | I136: 0.0576 | J136: 9.793 | K136: -0.77 | L136: -2.09 | M136: 0.55 | N136: -0.08 | O136: -1.45 | P136: no | Q136: no | R136: 0 | S136: -30 | T136: -15.01 | U136: -16.6 | V136: -290.8 | W136: -1057.57 | X136: 0 | Y136: 67.26 | Z136: 0 | AA136: 6868 | AB136: 0.416 | AF136: =B136*-1 -> 1057.57 | AG136: =C136 -> 67.26
A137: 108 | B137: -1075.66 | C137: 66.97 | D137: -0.082 | E137: - | F137: - | G137: 0.217 | H137: 1.057 | I137: 0.0587 | J137: 9.646 | K137: -0.79 | L137: -2.09 | M137: 0.51 | N137: -0.11 | O137: -1.46 | P137: no | Q137: no | R137: 0 | S137: -30 | T137: -14.95 | U137: -22.6 | V137: -292.7 | W137: -1075.66 | X137: 0 | Y137: 66.97 | Z137: 0 | AA137: 6942 | AB137: 0.4205 | AF137: =B137*-1 -> 1075.66 | AG137: =C137 -> 66.97
A138: 109 | B138: -1094.17 | C138: 66.64 | D138: -0.085 | E138: - | F138: - | G138: 0.22 | H138: 1.073 | I138: 0.0594 | J138: 9.5 | K138: -0.81 | L138: -2.09 | M138: 0.47 | N138: -0.14 | O138: -1.47 | P138: no | Q138: no | R138: 0 | S138: -30 | T138: -15 | U138: -28.6 | V138: -294.6 | W138: -1094.17 | X138: 0 | Y138: 66.64 | Z138: 0 | AA138: 7015 | AB138: 0.4249 | AF138: =B138*-1 -> 1094.17 | AG138: =C138 -> 66.64
A139: 110 | B139: -1113.09 | C139: 66.28 | D139: -0.088 | E139: - | F139: - | G139: 0.223 | H139: 1.09 | I139: 0.0605 | J139: 9.353 | K139: -0.83 | L139: -2.09 | M139: 0.44 | N139: -0.17 | O139: -1.48 | P139: no | Q139: no | R139: 0 | S139: -30 | T139: -14.96 | U139: -34.6 | V139: -296.5 | W139: -1113.09 | X139: 0 | Y139: 66.28 | Z139: 0 | AA139: 7086 | AB139: 0.4292 | AF139: =B139*-1 -> 1113.09 | AG139: =C139 -> 66.28
A140: 111 | B140: -1132.47 | C140: 65.88 | D140: -0.092 | E140: - | F140: - | G140: 0.227 | H140: 1.108 | I140: 0.0612 | J140: 9.207 | K140: -0.85 | L140: -2.09 | M140: 0.4 | N140: -0.2 | O140: -1.49 | P140: no | Q140: no | R140: 0 | S140: -30 | T140: -15.02 | U140: -40.6 | V140: -298.4 | W140: -1132.47 | X140: 0 | Y140: 65.88 | Z140: 0 | AA140: 7156 | AB140: 0.4334 | AF140: =B140*-1 -> 1132.47 | AG140: =C140 -> 65.88
A141: 112 | B141: -1152.31 | C141: 65.44 | D141: -0.096 | E141: - | F141: - | G141: 0.231 | H141: 1.125 | I141: 0.0623 | J141: 9.06 | K141: -0.87 | L141: -2.09 | M141: 0.36 | N141: -0.23 | O141: -1.5 | P141: no | Q141: no | R141: 0 | S141: -30 | T141: -14.99 | U141: -46.6 | V141: -300.3 | W141: -1152.31 | X141: 0 | Y141: 65.44 | Z141: 0 | AA141: 7223 | AB141: 0.4375 | AF141: =B141*-1 -> 1152.31 | AG141: =C141 -> 65.44
A142: 113 | B142: -1172.64 | C142: 64.95 | D142: -0.1 | E142: - | F142: - | G142: 0.235 | H142: 1.144 | I142: 0.0634 | J142: 8.914 | K142: -0.89 | L142: -2.09 | M142: 0.32 | N142: -0.26 | O142: -1.51 | P142: no | Q142: no | R142: 0 | S142: -30 | T142: -14.97 | U142: -52.6 | V142: -302.2 | W142: -1172.64 | X142: 0 | Y142: 64.95 | Z142: 0 | AA142: 7287 | AB142: 0.4414 | AF142: =B142*-1 -> 1172.64 | AG142: =C142 -> 64.95
A143: 114 | B143: -1193.47 | C143: 64.41 | D143: -0.103 | E143: - | F143: - | G143: 0.238 | H143: 1.163 | I143: 0.0645 | J143: 8.767 | K143: -0.91 | L143: -2.09 | M143: 0.28 | N143: -0.29 | O143: -1.52 | P143: no | Q143: no | R143: 0 | S143: -30 | T143: -14.97 | U143: -58.6 | V143: -304.1 | W143: -1193.47 | X143: 0 | Y143: 64.41 | Z143: 0 | AA143: 7347 | AB143: 0.445 | AF143: =B143*-1 -> 1193.47 | AG143: =C143 -> 64.41
A144: 115 | B144: -1214.85 | C144: 63.82 | D144: -0.107 | E144: - | F144: - | G144: 0.242 | H144: 1.183 | I144: 0.0656 | J144: 8.621 | K144: -0.93 | L144: -2.09 | M144: 0.24 | N144: -0.32 | O144: -1.53 | P144: no | Q144: no | R144: 0 | S144: -30 | T144: -14.97 | U144: -64.6 | V144: -306 | W144: -1214.85 | X144: 0 | Y144: 63.82 | Z144: 0 | AA144: 7403 | AB144: 0.4484 | AF144: =B144*-1 -> 1214.85 | AG144: =C144 -> 63.82
A145: 116 | B145: -1236.8 | C145: 63.16 | D145: -0.112 | E145: - | F145: - | G145: 0.247 | H145: 1.203 | I145: 0.0667 | J145: 8.474 | K145: -0.95 | L145: -2.09 | M145: 0.2 | N145: -0.35 | O145: -1.54 | P145: no | Q145: no | R145: 0 | S145: -30 | T145: -14.98 | U145: -70.6 | V145: -307.9 | W145: -1236.8 | X145: 0 | Y145: 63.16 | Z145: 0 | AA145: 7453 | AB145: 0.4515 | AF145: =B145*-1 -> 1236.8 | AG145: =C145 -> 63.16
... A169: 140 | B169: -2644.54 | C169: 2.94 | D169: -5.265 | E169: - | F169: - | G169: 0.27 | H169: 1.317 | I169: 0.0729 | J169: 0.387 | K169: -2.04 | L169: -2.09 | M169: -1.99 | N169: -2.01 | O169: -2.07 | P169: no | Q169: no | R169: -28.5 | S169: -30 | T169: -29.25 | U169: -402.2 | V169: -413 | W169: -2644.54 | X169: 0 | Y169: 2.94 | Z169: 0 | AA169: 7587 | AB169: 0.4596 | AF169: =B169*-1 -> 2644.54 | AG169: =C169 -> 2.94
A170: 141 | B170: -2712.35 | C170: 0 | D170: {=-Infinity} -> #NAME? | E170: - | F170: - | G170: 0.27 | H170: 1.317 | I170: 0.0729 | J170: 0 | K170: -2.09 | L170: -2.09 | M170: -2.09 | N170: -2.09 | O170: -2.09 | P170: no | Q170: no | R170: -30 | S170: -30 | T170: -30 | U170: -418.1 | V170: -418.1 | W170: -2712.35 | X170: 0 | Y170: 0 | Z170: 0 | AA170: Infinity | AB170: Infinity | AF170: =B170*-1 -> 2712.35 | AG170: =C170 -> 0
A171: 142 | B171: -2644.54 | C171: -2.94 | D171: 5.265 | E171: - | F171: - | G171: 0.27 | H171: 1.317 | I171: 0.0729 | J171: -0.387 | K171: -2.04 | L171: -1.99 | M171: -2.09 | N171: -2.01 | O171: -2.07 | P171: no | Q171: no | R171: -28.5 | S171: -30 | T171: -29.25 | U171: -402.2 | V171: -413 | W171: -2644.54 | X171: 0 | Y171: -2.94 | Z171: 0 | AA171: 7587 | AB171: 0.4596
A172: 143 | B172: -2576.73 | C172: -5.87 | D172: 2.565 | E172: - | F172: - | G172: 0.27 | H172: 1.317 | I172: 0.0729 | J172: -0.774 | K172: -1.99 | L172: -1.88 | M172: -2.09 | N172: -1.93 | O172: -2.04 | P172: no | Q172: no | R172: -27 | S172: -30 | T172: -28.5 | U172: -386.3 | V172: -408 | W172: -2576.73 | X172: 0 | Y172: -5.87 | Z172: 0 | AA172: 7587 | AB172: 0.4596
A173: 144 | B173: -2508.92 | C173: -8.81 | D173: 1.665 | E173: - | F173: - | G173: 0.27 | H173: 1.317 | I173: 0.0729 | J173: -1.161 | K173: -1.93 | L173: -1.78 | M173: -2.09 | N173: -1.85 | O173: -2.01 | P173: no | Q173: no | R173: -25.5 | S173: -30 | T173: -27.75 | U173: -370.4 | V173: -403 | W173: -2508.92 | X173: 0 | Y173: -8.81 | Z173: 0 | AA173: 7587 | AB173: 0.4596
A174: 145 | B174: -2441.12 | C174: -11.75 | D174: 1.215 | E174: - | F174: - | G174: 0.27 | H174: 1.317 | I174: 0.0729 | J174: -1.548 | K174: -1.88 | L174: -1.67 | M174: -2.09 | N174: -1.77 | O174: -1.99 | P174: no | Q174: no | R174: -24 | S174: -30 | T174: -27 | U174: -354.6 | V174: -397.9 | W174: -2441.12 | X174: 0 | Y174: -11.75 | Z174: 0 | AA174: 7587 | AB174: 0.4596
A175: 146 | B175: -2373.31 | C175: -14.69 | D175: 0.945 | E175: - | F175: - | G175: 0.27 | H175: 1.317 | I175: 0.0729 | J175: -1.935 | K175: -1.83 | L175: -1.57 | M175: -2.09 | N175: -1.69 | O175: -1.96 | P175: no | Q175: no | R175: -22.5 | S175: -30 | T175: -26.25 | U175: -338.7 | V175: -392.9 | W175: -2373.31 | X175: 0 | Y175: -14.69 | Z175: 0 | AA175: 7587 | AB175: 0.4596
A176: 147 | B176: -2305.5 | C176: -17.62 | D176: 0.765 | E176: - | F176: - | G176: 0.27 | H176: 1.317 | I176: 0.0729 | J176: -2.323 | K176: -1.78 | L176: -1.46 | M176: -2.09 | N176: -1.61 | O176: -1.94 | P176: no | Q176: no | R176: -21 | S176: -30 | T176: -25.5 | U176: -322.8 | V176: -387.9 | W176: -2305.5 | X176: 0 | Y176: -17.62 | Z176: 0 | AA176: 7587 | AB176: 0.4596
A177: 148 | B177: -2237.69 | C177: -20.56 | D177: 0.636 | E177: - | F177: - | G177: 0.27 | H177: 1.317 | I177: 0.0729 | J177: -2.71 | K177: -1.72 | L177: -1.36 | M177: -2.09 | N177: -1.53 | O177: -1.91 | P177: no | Q177: no | R177: -19.5 | S177: -30 | T177: -24.75 | U177: -307 | V177: -382.8 | W177: -2237.69 | X177: 0 | Y177: -20.56 | Z177: 0 | AA177: 7587 | AB177: 0.4596
A178: 149 | B178: -2169.88 | C178: -23.5 | D178: 0.54 | E178: - | F178: - | G178: 0.27 | H178: 1.317 | I178: 0.0729 | J178: -3.097 | K178: -1.67 | L178: -1.25 | M178: -2.09 | N178: -1.46 | O178: -1.89 | P178: no | Q178: no | R178: -18 | S178: -30 | T178: -24 | U178: -291.1 | V178: -377.8 | W178: -2169.88 | X178: 0 | Y178: -23.5 | Z178: 0 | AA178: 7587 | AB178: 0.4596
A179: 150 | B179: -2102.07 | C179: -26.43 | D179: 0.465 | E179: - | F179: - | G179: 0.27 | H179: 1.317 | I179: 0.0729 | J179: -3.484 | K179: -1.62 | L179: -1.15 | M179: -2.09 | N179: -1.38 | O179: -1.86 | P179: no | Q179: no | R179: -16.5 | S179: -30 | T179: -23.25 | U179: -275.2 | V179: -372.8 | W179: -2102.07 | X179: 0 | Y179: -26.43 | Z179: 0 | AA179: 7587 | AB179: 0.4596
A180: 151 | B180: -2034.26 | C180: -29.37 | D180: 0.405 | E180: - | F180: - | G180: 0.27 | H180: 1.317 | I180: 0.0729 | J180: -3.871 | K180: -1.57 | L180: -1.05 | M180: -2.09 | N180: -1.3 | O180: -1.84 | P180: no | Q180: no | R180: -15 | S180: -30 | T180: -22.5 | U180: -259.4 | V180: -367.7 | W180: -2034.26 | X180: 0 | Y180: -29.37 | Z180: 0 | AA180: 7587 | AB180: 0.4596
A181: 152 | B181: -1966.45 | C181: -32.31 | D181: 0.356 | E181: - | F181: - | G181: 0.27 | H181: 1.317 | I181: 0.0729 | J181: -4.258 | K181: -1.52 | L181: -0.94 | M181: -2.09 | N181: -1.22 | O181: -1.81 | P181: no | Q181: no | R181: -13.5 | S181: -30 | T181: -21.75 | U181: -243.5 | V181: -362.7 | W181: -1966.45 | X181: 0 | Y181: -32.31 | Z181: 0 | AA181: 7587 | AB181: 0.4596
A182: 153 | B182: -1898.65 | C182: -35.24 | D182: 0.315 | E182: - | F182: - | G182: 0.27 | H182: 1.317 | I182: 0.0729 | J182: -4.645 | K182: -1.46 | L182: -0.84 | M182: -2.09 | N182: -1.14 | O182: -1.79 | P182: no | Q182: no | R182: -12 | S182: -30 | T182: -21 | U182: -227.6 | V182: -357.7 | W182: -1898.65 | X182: 0 | Y182: -35.24 | Z182: 0 | AA182: 7587 | AB182: 0.4596
... A206: 177 | B206: -1022.51 | C206: -67.75 | D206: 0.072 | E206: - | F206: - | G206: 0.207 | H206: 1.011 | I206: 0.0561 | J206: -10.086 | K206: -0.73 | L206: 0.63 | M206: -2.09 | N206: -0.02 | O206: -1.43 | P206: no | Q206: no | R206: 0 | S206: -30 | T206: -14.95 | U206: -4.5 | V206: -286.9 | W206: -1022.51 | X206: 0 | Y206: -67.75 | Z206: 0 | AA206: 6717 | AB206: 0.4069
A207: 178 | B207: -1005.52 | C207: -67.95 | D207: 0.069 | E207: 0.137 | F207: 0.671 | G207: 0.204 | H207: 0.997 | I207: 0.055 | J207: -10.232 | K207: -0.71 | L207: 0.67 | M207: -2.09 | N207: 0.01 | O207: -1.43 | P207: no | Q207: no | R207: 0 | S207: -30 | T207: -15.03 | U207: 1.5 | V207: -285 | W207: -1006.44 | X207: 0.92 | Y207: -67.89 | Z207: -0.06 | AA207: 6641 | AB207: 0.4023
A208: 179 | B208: -988.88 | C208: -68.14 | D208: 0.066 | E208: 0.138 | F208: 0.674 | G208: 0.201 | H208: 0.982 | I208: 0.0543 | J208: -10.379 | K208: -0.69 | L208: 0.71 | M208: -2.09 | N208: 0.04 | O208: -1.42 | P208: no | Q208: no | R208: 0 | S208: -30 | T208: -15.02 | U208: 7.5 | V208: -283.1 | W208: -993.57 | X208: 4.69 | Y208: -67.81 | Z208: -0.33 | AA208: 6565 | AB208: 0.3977
A209: 180 | B209: -972.55 | C209: -68.3 | D209: 0.064 | E209: 0.139 | F209: 0.678 | G209: 0.199 | H209: 0.969 | I209: 0.0536 | J209: -10.525 | K209: -0.67 | L209: 0.75 | M209: -2.09 | N209: 0.07 | O209: -1.41 | P209: no | Q209: no | R209: 0 | S209: -30 | T209: -15.01 | U209: 13.5 | V209: -281.2 | W209: -981.02 | X209: 8.47 | Y209: -67.71 | Z209: -0.59 | AA209: 6489 | AB209: 0.3931
A210: 181 | B210: -956.54 | C210: -68.44 | D210: 0.061 | E210: 0.14 | F210: 0.682 | G210: 0.196 | H210: 0.955 | I210: 0.0529 | J210: -10.672 | K210: -0.65 | L210: 0.79 | M210: -2.09 | N210: 0.1 | O210: -1.4 | P210: no | Q210: no | R210: 0 | S210: -30 | T210: -15.01 | U210: 19.5 | V210: -279.3 | W210: -968.78 | X210: 12.24 | Y210: -67.58 | Z210: -0.86 | AA210: 6413 | AB210: 0.3885
A211: 182 | B211: -940.83 | C211: -68.56 | D211: 0.058 | E211: 0.14 | F211: 0.685 | G211: 0.193 | H211: 0.943 | I211: 0.0521 | J211: -10.818 | K211: -0.63 | L211: 0.83 | M211: -2.09 | N211: 0.13 | O211: -1.39 | P211: no | Q211: no | R211: 0 | S211: -30 | T211: -15.01 | U211: 25.5 | V211: -277.4 | W211: -956.84 | X211: 16.02 | Y211: -67.44 | Z211: -1.12 | AA211: 6338 | AB211: 0.3839
A212: 183 | B212: -925.4 | C212: -68.67 | D212: 0.056 | E212: 0.141 | F212: 0.689 | G212: 0.191 | H212: 0.93 | I212: 0.0514 | J212: -10.965 | K212: -0.61 | L212: 0.87 | M212: -2.09 | N212: 0.16 | O212: -1.38 | P212: no | Q212: no | R212: 0 | S212: -30 | T212: -15.02 | U212: 31.5 | V212: -275.5 | W212: -945.19 | X212: 19.79 | Y212: -67.29 | Z212: -1.39 | AA212: 6263 | AB212: 0.3794
A213: 184 | B213: -910.25 | C213: -68.76 | D213: 0.053 | E213: 0.142 | F213: 0.692 | G213: 0.188 | H213: 0.918 | I213: 0.0507 | J213: -11.111 | K213: -0.59 | L213: 0.91 | M213: -2.09 | N213: 0.19 | O213: -1.37 | P213: no | Q213: no | R213: 0 | S213: -30 | T213: -15.04 | U213: 37.5 | V213: -273.6 | W213: -933.81 | X213: 23.56 | Y213: -67.11 | Z213: -1.65 | AA213: 6188 | AB213: 0.3749
A214: 185 | B214: -895.36 | C214: -68.84 | D214: 0.051 | E214: 0.143 | F214: 0.695 | G214: 0.186 | H214: 0.906 | I214: 0.0503 | J214: -11.258 | K214: -0.57 | L214: 0.95 | M214: -2.09 | N214: 0.22 | O214: -1.36 | P214: no | Q214: no | R214: 0 | S214: -30 | T214: -14.95 | U214: 43.5 | V214: -271.7 | W214: -922.7 | X214: 27.34 | Y214: -66.93 | Z214: -1.91 | AA214: 6115 | AB214: 0.3704
A215: 186 | B215: -880.73 | C215: -68.9 | D215: 0.048 | E215: 0.143 | F215: 0.698 | G215: 0.183 | H215: 0.894 | I215: 0.0496 | J215: -11.404 | K215: -0.55 | L215: 0.99 | M215: -2.09 | N215: 0.25 | O215: -1.35 | P215: no | Q215: no | R215: 0 | S215: -30 | T215: -14.97 | U215: 49.5 | V215: -269.8 | W215: -911.85 | X215: 31.11 | Y215: -66.73 | Z215: -2.18 | AA215: 6042 | AB215: 0.366
A216: 187 | B216: -866.35 | C216: -68.96 | D216: 0.046 | E216: 0.144 | F216: 0.701 | G216: 0.181 | H216: 0.883 | I216: 0.0488 | J216: -11.551 | K216: -0.53 | L216: 1.03 | M216: -2.09 | N216: 0.28 | O216: -1.34 | P216: no | Q216: no | R216: 0 | S216: -30 | T216: -15.01 | U216: 55.5 | V216: -267.9 | W216: -901.24 | X216: 34.89 | Y216: -66.51 | Z216: -2.44 | AA216: 5970 | AB216: 0.3616
A217: 188 | B217: -852.2 | C217: -69 | D217: 0.044 | E217: 0.144 | F217: 0.704 | G217: 0.179 | H217: 0.872 | I217: 0.0481 | J217: -11.697 | K217: -0.51 | L217: 1.07 | M217: -2.09 | N217: 0.31 | O217: -1.33 | P217: no | Q217: no | R217: 0 | S217: -30 | T217: -15.04 | U217: 61.5 | V217: -266 | W217: -890.86 | X217: 38.66 | Y217: -66.29 | Z217: -2.71 | AA217: 5899 | AB217: 0.3573
A218: 189 | B218: -838.28 | C218: -69.03 | D218: 0.041 | E218: 0.145 | F218: 0.707 | G218: 0.176 | H218: 0.861 | I218: 0.0477 | J218: -11.844 | K218: -0.49 | L218: 1.11 | M218: -2.09 | N218: 0.34 | O218: -1.32 | P218: no | Q218: no | R218: 0 | S218: -30 | T218: -14.97 | U218: 67.5 | V218: -264.1 | W218: -880.71 | X218: 42.43 | Y218: -66.06 | Z218: -2.97 | AA218: 5828 | AB218: 0.353
... A299: 270 | B299: 411.57 | C299: -15.18 | D299: -0.133 | E299: 0.171 | F299: 0.835 | G299: 0.002 | H299: 0.01 | I299: 0.0004 | J299: -12.315 | K299: 1.64 | L299: 3.3 | M299: -0.02 | N299: 2.5 | O299: 0.78 | P299: yes | Q299: no | R299: 0 | S299: -0.35 | T299: -0.23 | U299: 500 | V299: 155.2 | W299: -0.09 | X299: 411.65 | Y299: -0.01 | Z299: -15.17 | AA299: 1232 | AB299: 0.0747
A300: 271 | B300: 431.35 | C300: -13.79 | D300: -0.153 | E300: - | F300: - | G300: 0 | H300: 0 | I300: 0 | J300: -11.196 | K300: 1.72 | L300: 3.23 | M300: 0.2 | N300: 2.5 | O300: 0.93 | P300: yes | Q300: no | R300: 0 | S300: 0 | T300: 0 | U300: 500 | V300: 186.5 | W300: 0 | X300: 431.35 | Y300: 0 | Z300: -13.79 | AA300: 1232 | AB300: 0.0746
A301: 272 | B301: 451.05 | C301: -12.41 | D301: -0.178 | E301: - | F301: - | G301: 0 | H301: 0 | I301: 0 | J301: -10.076 | K301: 1.79 | L301: 3.15 | M301: 0.43 | N301: 2.5 | O301: 1.09 | P301: yes | Q301: no | R301: 0 | S301: 0 | T301: 0 | U301: 500 | V301: 217.9 | W301: 0 | X301: 451.05 | Y301: 0 | Z301: -12.41 | AA301: 1232 | AB301: 0.0746
A302: 273 | B302: 470.74 | C302: -11.03 | D302: -0.209 | E302: - | F302: - | G302: 0 | H302: 0 | I302: 0 | J302: -8.957 | K302: 1.87 | L302: 3.08 | M302: 0.66 | N302: 2.5 | O302: 1.25 | P302: yes | Q302: no | R302: 0 | S302: 0 | T302: 0 | U302: 500 | V302: 249.2 | W302: 0 | X302: 470.74 | Y302: 0 | Z302: -11.03 | AA302: 1232 | AB302: 0.0746
A303: 274 | B303: 490.44 | C303: -9.65 | D303: -0.249 | E303: - | F303: - | G303: 0 | H303: 0 | I303: 0 | J303: -7.837 | K303: 1.95 | L303: 3.01 | M303: 0.89 | N303: 2.5 | O303: 1.4 | P303: yes | Q303: no | R303: 0 | S303: 0 | T303: 0 | U303: 500 | V303: 280.6 | W303: 0 | X303: 490.44 | Y303: 0 | Z303: -9.65 | AA303: 1232 | AB303: 0.0746
A304: 275 | B304: 510.14 | C304: -8.27 | D304: -0.302 | E304: - | F304: - | G304: 0 | H304: 0 | I304: 0 | J304: -6.718 | K304: 2.03 | L304: 2.94 | M304: 1.12 | N304: 2.5 | O304: 1.56 | P304: yes | Q304: no | R304: 0 | S304: 0 | T304: 0 | U304: 500 | V304: 311.9 | W304: 0 | X304: 510.14 | Y304: 0 | Z304: -8.27 | AA304: 1232 | AB304: 0.0746
A305: 276 | B305: 529.83 | C305: -6.89 | D305: -0.377 | E305: - | F305: - | G305: 0 | H305: 0 | I305: 0 | J305: -5.598 | K305: 2.11 | L305: 2.86 | M305: 1.35 | N305: 2.5 | O305: 1.72 | P305: yes | Q305: no | R305: 0 | S305: 0 | T305: 0 | U305: 500 | V305: 343.3 | W305: 0 | X305: 529.83 | Y305: 0 | Z305: -6.89 | AA305: 1232 | AB305: 0.0746
A306: 277 | B306: 549.53 | C306: -5.52 | D306: -0.488 | E306: - | F306: - | G306: 0 | H306: 0 | I306: 0 | J306: -4.478 | K306: 2.19 | L306: 2.79 | M306: 1.58 | N306: 2.5 | O306: 1.87 | P306: yes | Q306: no | R306: 0 | S306: 0 | T306: 0 | U306: 500 | V306: 374.6 | W306: 0 | X306: 549.53 | Y306: 0 | Z306: -5.52 | AA306: 1232 | AB306: 0.0746
A307: 278 | B307: 569.23 | C307: -4.14 | D307: -0.674 | E307: - | F307: - | G307: 0 | H307: 0 | I307: 0 | J307: -3.359 | K307: 2.26 | L307: 2.72 | M307: 1.81 | N307: 2.5 | O307: 2.03 | P307: yes | Q307: no | R307: 0 | S307: 0 | T307: 0 | U307: 500 | V307: 406 | W307: 0 | X307: 569.23 | Y307: 0 | Z307: -4.14 | AA307: 1232 | AB307: 0.0746
...

Sheet Centrum 
A1: Ei halkeamaa 270 | E1: 0.0014720624 | F1: -2616.7215
A2: myyt 1 | E2: 2.9438303 | F2: -2547.6806
E3: 5.887072 | F3: -2478.6189
E4: 7.3584722 | F4: -2444.0933
E5: 8.1758532 | F5: -2424.9139
E6: 9.1975155 | F6: -2400.9411
E7: 10.510977 | F7: -2370.1214
E8: 11.319203 | F8: -2351.1568
E9: 12.262077 | F9: -2329.0328
E10: 13.376305 | F10: -2302.888
E11: 14.713267 | F11: -2271.5169
E12: 15.487242 | F12: -2253.3559
E13: 16.347167 | F13: -2233.1783
E14: 17.308199 | F14: -2210.6281
... E200: 0.003078139 | F200: 628.27456

Sheet Sheet4
I3: h.top | J3: =G4/2 -> 135
F4: h | G4: 270 | I4: b.top | J4: =-G4/2 -> -135
F8: top | G8: 0.000592
F9: bottom | G9: -0.003454
E14: =J3 -> 135 | F14: =G8 -> 0.000592
E15: =J4 -> -135 | F15: =G9 -> -0.003454
